SET ANSI_NULLS ON
GO
SET QUOTED_IDENTIFIER ON
GO
CREATE TABLE [dbo].[__MigrationHistory](
	[MigrationId] [nvarchar](150) COLLATE SQL_Latin1_General_CP1_CI_AS NOT NULL,
	[ContextKey] [nvarchar](300) COLLATE SQL_Latin1_General_CP1_CI_AS NOT NULL,
	[Model] [varbinary](max) NOT NULL,
	[ProductVersion] [nvarchar](32) COLLATE SQL_Latin1_General_CP1_CI_AS NOT NULL,
 CONSTRAINT [PK_dbo.__MigrationHistory] PRIMARY KEY CLUSTERED 
(
	[MigrationId] ASC,
	[ContextKey] ASC
)WITH (PAD_INDEX = OFF, STATISTICS_NORECOMPUTE = OFF, IGNORE_DUP_KEY = OFF, ALLOW_ROW_LOCKS = ON, ALLOW_PAGE_LOCKS = ON)
)

GO
SET ANSI_NULLS ON
GO
SET QUOTED_IDENTIFIER ON
GO
CREATE TABLE [dbo].[Addresses](
	[Id] [int] IDENTITY(1,1) NOT NULL,
	[Line1] [nvarchar](max) COLLATE SQL_Latin1_General_CP1_CI_AS NOT NULL,
	[Line2] [nvarchar](max) COLLATE SQL_Latin1_General_CP1_CI_AS NULL,
	[City] [nvarchar](max) COLLATE SQL_Latin1_General_CP1_CI_AS NOT NULL,
	[State] [int] NOT NULL,
	[ZIP] [nvarchar](max) COLLATE SQL_Latin1_General_CP1_CI_AS NOT NULL,
	[Type] [int] NOT NULL,
	[JobApp_Id] [int] NULL,
 CONSTRAINT [PK_dbo.Addresses] PRIMARY KEY CLUSTERED 
(
	[Id] ASC
)WITH (PAD_INDEX = OFF, STATISTICS_NORECOMPUTE = OFF, IGNORE_DUP_KEY = OFF, ALLOW_ROW_LOCKS = ON, ALLOW_PAGE_LOCKS = ON)
)

GO
SET ANSI_NULLS ON
GO
SET QUOTED_IDENTIFIER ON
GO
CREATE TABLE [dbo].[AspNetRoles](
	[Id] [nvarchar](128) COLLATE SQL_Latin1_General_CP1_CI_AS NOT NULL,
	[Name] [nvarchar](256) COLLATE SQL_Latin1_General_CP1_CI_AS NOT NULL,
 CONSTRAINT [PK_dbo.AspNetRoles] PRIMARY KEY CLUSTERED 
(
	[Id] ASC
)WITH (PAD_INDEX = OFF, STATISTICS_NORECOMPUTE = OFF, IGNORE_DUP_KEY = OFF, ALLOW_ROW_LOCKS = ON, ALLOW_PAGE_LOCKS = ON)
)

GO
SET ANSI_NULLS ON
GO
SET QUOTED_IDENTIFIER ON
GO
CREATE TABLE [dbo].[AspNetUserClaims](
	[Id] [int] IDENTITY(1,1) NOT NULL,
	[UserId] [nvarchar](128) COLLATE SQL_Latin1_General_CP1_CI_AS NOT NULL,
	[ClaimType] [nvarchar](max) COLLATE SQL_Latin1_General_CP1_CI_AS NULL,
	[ClaimValue] [nvarchar](max) COLLATE SQL_Latin1_General_CP1_CI_AS NULL,
 CONSTRAINT [PK_dbo.AspNetUserClaims] PRIMARY KEY CLUSTERED 
(
	[Id] ASC
)WITH (PAD_INDEX = OFF, STATISTICS_NORECOMPUTE = OFF, IGNORE_DUP_KEY = OFF, ALLOW_ROW_LOCKS = ON, ALLOW_PAGE_LOCKS = ON)
)

GO
SET ANSI_NULLS ON
GO
SET QUOTED_IDENTIFIER ON
GO
CREATE TABLE [dbo].[AspNetUserLogins](
	[LoginProvider] [nvarchar](128) COLLATE SQL_Latin1_General_CP1_CI_AS NOT NULL,
	[ProviderKey] [nvarchar](128) COLLATE SQL_Latin1_General_CP1_CI_AS NOT NULL,
	[UserId] [nvarchar](128) COLLATE SQL_Latin1_General_CP1_CI_AS NOT NULL,
 CONSTRAINT [PK_dbo.AspNetUserLogins] PRIMARY KEY CLUSTERED 
(
	[LoginProvider] ASC,
	[ProviderKey] ASC,
	[UserId] ASC
)WITH (PAD_INDEX = OFF, STATISTICS_NORECOMPUTE = OFF, IGNORE_DUP_KEY = OFF, ALLOW_ROW_LOCKS = ON, ALLOW_PAGE_LOCKS = ON)
)

GO
SET ANSI_NULLS ON
GO
SET QUOTED_IDENTIFIER ON
GO
CREATE TABLE [dbo].[AspNetUserRoles](
	[UserId] [nvarchar](128) COLLATE SQL_Latin1_General_CP1_CI_AS NOT NULL,
	[RoleId] [nvarchar](128) COLLATE SQL_Latin1_General_CP1_CI_AS NOT NULL,
 CONSTRAINT [PK_dbo.AspNetUserRoles] PRIMARY KEY CLUSTERED 
(
	[UserId] ASC,
	[RoleId] ASC
)WITH (PAD_INDEX = OFF, STATISTICS_NORECOMPUTE = OFF, IGNORE_DUP_KEY = OFF, ALLOW_ROW_LOCKS = ON, ALLOW_PAGE_LOCKS = ON)
)

GO
SET ANSI_NULLS ON
GO
SET QUOTED_IDENTIFIER ON
GO
CREATE TABLE [dbo].[AspNetUsers](
	[Id] [nvarchar](128) COLLATE SQL_Latin1_General_CP1_CI_AS NOT NULL,
	[Branch] [int] NOT NULL,
	[Email] [nvarchar](256) COLLATE SQL_Latin1_General_CP1_CI_AS NULL,
	[EmailConfirmed] [bit] NOT NULL,
	[PasswordHash] [nvarchar](max) COLLATE SQL_Latin1_General_CP1_CI_AS NULL,
	[SecurityStamp] [nvarchar](max) COLLATE SQL_Latin1_General_CP1_CI_AS NULL,
	[PhoneNumber] [nvarchar](max) COLLATE SQL_Latin1_General_CP1_CI_AS NULL,
	[PhoneNumberConfirmed] [bit] NOT NULL,
	[TwoFactorEnabled] [bit] NOT NULL,
	[LockoutEndDateUtc] [datetime] NULL,
	[LockoutEnabled] [bit] NOT NULL,
	[AccessFailedCount] [int] NOT NULL,
	[UserName] [nvarchar](256) COLLATE SQL_Latin1_General_CP1_CI_AS NOT NULL,
 CONSTRAINT [PK_dbo.AspNetUsers] PRIMARY KEY CLUSTERED 
(
	[Id] ASC
)WITH (PAD_INDEX = OFF, STATISTICS_NORECOMPUTE = OFF, IGNORE_DUP_KEY = OFF, ALLOW_ROW_LOCKS = ON, ALLOW_PAGE_LOCKS = ON)
)

GO
SET ANSI_NULLS ON
GO
SET QUOTED_IDENTIFIER ON
GO
CREATE TABLE [dbo].[Comments](
	[Id] [int] IDENTITY(1,1) NOT NULL,
	[Content] [nvarchar](max) COLLATE SQL_Latin1_General_CP1_CI_AS NOT NULL,
	[Author_Id] [nvarchar](128) COLLATE SQL_Latin1_General_CP1_CI_AS NOT NULL,
	[JobApp_Id] [int] NULL,
 CONSTRAINT [PK_dbo.Comments] PRIMARY KEY CLUSTERED 
(
	[Id] ASC
)WITH (PAD_INDEX = OFF, STATISTICS_NORECOMPUTE = OFF, IGNORE_DUP_KEY = OFF, ALLOW_ROW_LOCKS = ON, ALLOW_PAGE_LOCKS = ON)
)

GO
SET ANSI_NULLS ON
GO
SET QUOTED_IDENTIFIER ON
GO
CREATE TABLE [dbo].[Educations](
	[Id] [int] IDENTITY(1,1) NOT NULL,
	[School] [nvarchar](max) COLLATE SQL_Latin1_General_CP1_CI_AS NULL,
	[StartDate] [datetime] NOT NULL,
	[EndDate] [datetime] NOT NULL,
	[Major] [nvarchar](max) COLLATE SQL_Latin1_General_CP1_CI_AS NULL,
	[Degree] [nvarchar](max) COLLATE SQL_Latin1_General_CP1_CI_AS NULL,
	[JobApp_Id] [int] NULL,
	[Location_Id] [int] NULL,
 CONSTRAINT [PK_dbo.Educations] PRIMARY KEY CLUSTERED 
(
	[Id] ASC
)WITH (PAD_INDEX = OFF, STATISTICS_NORECOMPUTE = OFF, IGNORE_DUP_KEY = OFF, ALLOW_ROW_LOCKS = ON, ALLOW_PAGE_LOCKS = ON)
)

GO
SET ANSI_NULLS ON
GO
SET QUOTED_IDENTIFIER ON
GO
CREATE TABLE [dbo].[Employments](
	[Id] [int] IDENTITY(1,1) NOT NULL,
	[Current] [bit] NOT NULL,
	[Employer] [nvarchar](max) COLLATE SQL_Latin1_General_CP1_CI_AS NOT NULL,
	[JobTitle] [nvarchar](max) COLLATE SQL_Latin1_General_CP1_CI_AS NOT NULL,
	[EmployerPhone] [nvarchar](max) COLLATE SQL_Latin1_General_CP1_CI_AS NULL,
	[StartPay] [decimal](18, 2) NOT NULL,
	[EndPay] [decimal](18, 2) NOT NULL,
	[PayRate] [int] NOT NULL,
	[StartDate] [datetime] NOT NULL,
	[EndDate] [datetime] NOT NULL,
	[Address_Id] [int] NULL,
	[JobApp_Id] [int] NULL,
 CONSTRAINT [PK_dbo.Employments] PRIMARY KEY CLUSTERED 
(
	[Id] ASC
)WITH (PAD_INDEX = OFF, STATISTICS_NORECOMPUTE = OFF, IGNORE_DUP_KEY = OFF, ALLOW_ROW_LOCKS = ON, ALLOW_PAGE_LOCKS = ON)
)

GO
SET ANSI_NULLS ON
GO
SET QUOTED_IDENTIFIER ON
GO
CREATE TABLE [dbo].[JobApps](
	[Id] [int] IDENTITY(1,1) NOT NULL,
	[Position] [int] NOT NULL,
	[FName] [nvarchar](max) COLLATE SQL_Latin1_General_CP1_CI_AS NOT NULL,
	[LName] [nvarchar](max) COLLATE SQL_Latin1_General_CP1_CI_AS NOT NULL,
	[MName] [nvarchar](max) COLLATE SQL_Latin1_General_CP1_CI_AS NULL,
	[Email] [nvarchar](max) COLLATE SQL_Latin1_General_CP1_CI_AS NOT NULL,
	[PrimaryPhone] [nvarchar](max) COLLATE SQL_Latin1_General_CP1_CI_AS NOT NULL,
	[PPhoneIsMobile] [bit] NOT NULL,
	[SecondaryPhone] [nvarchar](max) COLLATE SQL_Latin1_General_CP1_CI_AS NULL,
	[SPhoneIsMobile] [bit] NOT NULL,
	[CanRelocate] [bit] NOT NULL,
	[DateAvailable] [datetime] NOT NULL,
	[DateEntered] [datetime] NOT NULL,
	[AuthorizedToWork] [bit] NOT NULL,
	[DrugScreen] [bit] NOT NULL,
	[Military] [bit] NOT NULL,
	[MilBranch] [int] NOT NULL,
	[Conviction] [bit] NOT NULL,
	[Explanation] [nvarchar](max) COLLATE SQL_Latin1_General_CP1_CI_AS NULL,
	[Signature] [varbinary](max) NULL,
	[About] [nvarchar](max) COLLATE SQL_Latin1_General_CP1_CI_AS NULL,
	[Resume] [nvarchar](max) COLLATE SQL_Latin1_General_CP1_CI_AS NULL,
	[CPABScore] [int] NOT NULL,
	[PTScore] [int] NOT NULL,
	[Assignment] [nvarchar](max) COLLATE SQL_Latin1_General_CP1_CI_AS NULL,
	[Status] [int] NOT NULL,
	[Source] [int] NOT NULL,
	[EmployeeType] [int] NOT NULL,
	[LastEdit] [datetime] NOT NULL,
	[Branch] [int] NOT NULL,
	[Applicant_Id] [nvarchar](128) COLLATE SQL_Latin1_General_CP1_CI_AS NULL,
 CONSTRAINT [PK_dbo.JobApps] PRIMARY KEY CLUSTERED 
(
	[Id] ASC
)WITH (PAD_INDEX = OFF, STATISTICS_NORECOMPUTE = OFF, IGNORE_DUP_KEY = OFF, ALLOW_ROW_LOCKS = ON, ALLOW_PAGE_LOCKS = ON)
)

GO
SET ANSI_NULLS ON
GO
SET QUOTED_IDENTIFIER ON
GO
CREATE TABLE [dbo].[References](
	[Id] [int] IDENTITY(1,1) NOT NULL,
	[Name] [nvarchar](max) COLLATE SQL_Latin1_General_CP1_CI_AS NOT NULL,
	[Title] [nvarchar](max) COLLATE SQL_Latin1_General_CP1_CI_AS NULL,
	[Company] [nvarchar](max) COLLATE SQL_Latin1_General_CP1_CI_AS NULL,
	[Phone] [nvarchar](max) COLLATE SQL_Latin1_General_CP1_CI_AS NOT NULL,
	[JobApp_Id] [int] NULL,
 CONSTRAINT [PK_dbo.References] PRIMARY KEY CLUSTERED 
(
	[Id] ASC
)WITH (PAD_INDEX = OFF, STATISTICS_NORECOMPUTE = OFF, IGNORE_DUP_KEY = OFF, ALLOW_ROW_LOCKS = ON, ALLOW_PAGE_LOCKS = ON)
)

GO
SET ANSI_NULLS ON
GO
SET QUOTED_IDENTIFIER ON
GO
CREATE TABLE [dbo].[Skills](
	[Id] [int] IDENTITY(1,1) NOT NULL,
	[Explanation] [nvarchar](max) COLLATE SQL_Latin1_General_CP1_CI_AS NULL,
	[Proficiency] [int] NOT NULL,
	[JobApp_Id] [int] NULL,
	[Technology_Id] [int] NULL,
 CONSTRAINT [PK_dbo.Skills] PRIMARY KEY CLUSTERED 
(
	[Id] ASC
)WITH (PAD_INDEX = OFF, STATISTICS_NORECOMPUTE = OFF, IGNORE_DUP_KEY = OFF, ALLOW_ROW_LOCKS = ON, ALLOW_PAGE_LOCKS = ON)
)

GO
SET ANSI_NULLS ON
GO
SET QUOTED_IDENTIFIER ON
GO
CREATE TABLE [dbo].[Technologies](
	[Id] [int] IDENTITY(1,1) NOT NULL,
	[Name] [nvarchar](max) COLLATE SQL_Latin1_General_CP1_CI_AS NULL,
	[Position] [int] NOT NULL,
 CONSTRAINT [PK_dbo.Technologies] PRIMARY KEY CLUSTERED 
(
	[Id] ASC
)WITH (PAD_INDEX = OFF, STATISTICS_NORECOMPUTE = OFF, IGNORE_DUP_KEY = OFF, ALLOW_ROW_LOCKS = ON, ALLOW_PAGE_LOCKS = ON)
)

GO
INSERT [dbo].[__MigrationHistory] ([MigrationId], [ContextKey], [Model], [ProductVersion]) VALUES (N'201802071832560_FirstMIG', N'ProvalusApplicantTrackingHub.Migrations.Configuration', 0x1F8B0800000000000400ED5D5F73DB38927FBFAAFB0E2A3DDD6D65AD584EE66652F66E29B23DF18E65BB2C27D99D97144DC2362F14A925298FBD57FBC9F6E13ED27D85034890F84F002448C999541E6201E00F4077A3D168008DFFFBD7FF1EFEF969158D1E419A85497C34DEDF7B3D1E81D84F8230BE3F1A6FF2BB3FFE38FEF39FFEFDDF0E4F82D5D3E85355EE0095835FC6D9D1F821CFD7EF2693CC7F002B2FDB5B857E9A64C95DBEE727AB89172493E9EBD73F4DF6F72700428C21D6687478BD89F370058A1FF0E73C897DB0CE375EB448021065381DE62C0BD4D185B702D9DAF3C1D1F82A4D1EBD6893CDD6EB28F4BD38BF493DFF2B6CEE87CDED5EF9F978348B420F366D09A2BBF1C88BE324F772D8F0771F33B0CCD324BE5FAE618217DD3CAF012C77E74519C01D7A478A9BF6EDF514F56D423EACA0FC4D96272B4BC0FD034CAC09FF792B928F6B6242729E40B2E7CFA8D705498FC6B32048410629C6D7F56E1EA5A89C11C1F730CCAB5153E157B5FC403143FF5E8DE69B28DFA4E028069B3CF522F8FDE6167EF70B78BE49BE82F828DE4411DD01D80598C724C02458E91AA4F9F335B8C3DD3A0BC6A309FBDD84FFB0FE8CFAA6ECF1599C1F4CC7A30B58B9771B815A3E28EA2CF324053F8318A45E0E822B2FCF411A230C505058A89DABEB3C8CC17E551D944848A0F168E13D9D83F83E7F381AC33FC7A3D3F00904550A6EC2C7388483137E94A71B2069A2BEDAA9836A9B6B99170418BA6F4BC81950570B07FE1E4EB1C4F9F5EC6AF8C6A3FA98B6E30155A6EBC02EBCC7F0BE904B0EF62FC92D1C88E3D135888AECEC215CB3157CA98A9CA6C9EA3A89884AC0395F96C926F551E31269F68D97DE839C6DD2E184E89946ED5355DE4DF99428DF758FA1EEB94AB2B09C4D2879238996927B8AFEDB8226DB4EB50B47D536D772B2F2C268F8CE5DA5E1CA4B9FAF1E92780BA4BD2AEA3DCB16C96D18D5F5BF4FA0D2F1ECC57209FC240E1CF646539DD3C6CFBD186AECC4A726B4B650C71063F608C5097D5381A1C49B7065CF23F42154E220054167ACD9267F48D2F01F20B8493E27E9D7CE3D4D37F74B3F0520EE8AB408A33087A2E300E77DEAC5FE03A369A9545BB148E2C7D0A75577DB969D3CAD232FF69859A0B7A111DEC39AE0445B373A8C0BE29AD4A411A1DB6493F7DE816B906D0650FAF3ABD9FBA59F103AA92C018D1ABD710032CB32C8B515B427FA170F68D46C32C16E4749B62ABF325429249C643B3C56EB28790640B0CAD90C5B93C5CBF29320CC3B6B4E895231D528CA95426D334B170BD8D6A70A91E5029F272C1884029D960C180635F06306D2CE8E0B16EE1B59444846EBFEF4C73EACB60EB26869F44EDFFEE0CAB48613E95D98AE8811D3761EBDF2B2ECB7240D3E78D943FF9A12F89B140E06A81E57EBDE6B2B0CDA8BCDEA168DB1E1EA72C69A9BDF9253CF872BE593187DD519EF3CF1BF426BE3240E90DEFE98FBA21A370470D29C99EF832C3B85C20C8279B2211375BB091FE93ECDD2D674FCB59E82E69117AE32B9B38AD5D25FAAA294D34A5A42745EC98BC966A4A6A69E27F7616CD6D4AAA8BAA965096D537131DBA62230B396E292EA861605B4ED2C4B759AE32B4F16C22B38D434CB2FEACD8F59B6BE00F95EF5F55E897B9A424CA8A4BFEE09B0AF46C61F93A97F6A3AF51FECDFDE1DFCF8F6072F38F8E10D3878FB2DFA121129B7617614EC63CCF3DE9665A8A64FD022745D55ABD1502801F7A3A180DDFDD150341319E86180AC9289FE8BAA3084372A5FC9B3ED98E35A36F47060BA3974E5C3E88056C305CD45EE470B42DDFDC12217656951D4A13652BF2DED5FB57747246E9EAC4A575937570486F9465C10FDDB1E70A998BBF150B6F79A157B1852EB1A73F34B558498D56C8E604F73D9B6F67EC3967F852C6EF9B339CA26B9D8F23F09363EDE78E8365C6AA0EF03C670C02CFD872471B1AFACF5E8A7F931B577D9DAD18D9D2D9D7116DE7F27FD7BB18EC17D0A7A5890B419EAF5E0900C763E4F18EE42017BF74835C41B9B468AC91A57E53634AF2ED24D23159B3A2E667082F45D27994EE29B34A526F1D61BDAE5C69C8B416E59331C2237611EB918F72DFB3CD00917A4D5AFBC7A7D790CFC70E5C1D9E42A857FE1D3E3D0EA5EFA1EEA81BD0B1A2AFB3EE121F6357F40B44EB33F6ABAED194E6D925607BA65AAB7D64F5FEA6294EA157245D52B1671689F52E892598BCF6C6A9C0B4315EA50005593DFE8403099156AA0EF9382E1A4B09DB39DAED4B86ED5BA5A7BB18BF3F1067BAADB5C1B370CF47A4448C6399F270C73A18093AD26F79EC297E1257C29E74CB6BD398D5C9DF24995E6F7175C8C88B3982B08B4A44827915E7E0DE1B4D071D22A40BE4F588613D690E769E1CFBBD00FA1067C668D593ABD0FAD5D88844463D3E982703399B6B6E20DF01FE2244AEE9F1B1A4417E21B45F2140DA30A741A737423BA0D3C82F47DF40D6B2EF6776B4A2D469B15ADB8CBFB8A67D969E4DD935BC91D153902ED47942001039046CF108566354BC60540C7FAAAC5E9F978549CA5381ABF1608CE96FCA52EB9AF29795D979C6A4AFE5A973C682E399FD525DF684A5ED625DF6A4ADED4257F682E793CAF4BFE97A6E4495DF2C7E692A784F23F3597FC99F47D5FC3A40F67A4A8864B6714AA864D67C7A4A8864F67A457FB1A469D5D90A21A4EFDB2244535ACFAE56FA4A88657E7140534CC5A504535DC5A10624D35DC5A1061996AB8B5208C9D6AB8B520749D6AB8B5206365AAE1D682B060AAE1D6828CABA9865B1764604D35DCBAA0E8AAE1D60545570DB72E3E100DA4E1D6C55F48510DB72E16A4A8865B179F48510DB72E88681F68B8754994F581865B97140534DCBA248AFD40C3AD2B32600E34DCBA26A27DA0E1D69288CB1B0DB796445CDE68B8754306CC1B0DB76EFE4A8A6AB8F5918C82371A6E7DA226370DB73E51A81A6E7DA65035DCFA4C58F046C3ADCF445EDF68B8F599C8EB5B8E5BC8FE2A2DAD06EB8B89B8E0D606A3A077C6122357B9CC0C32B2C366669651E73CE4D69911538881ED962315EEAEB0E3183C822859979BD0660CB900F9095AE998B163F99CD1A575D304C867C12A24BCD3681F88CE96D7A820B4C85D6ED6EB2425DDD5A8A2657297FFE6A5E006647948F544A3963E80687D0CB2AFA61675D18D3083BCCDC347606A5D2FBDE2EA8499817DB946EB5CE4CA3036B4AF819F6E42A6DFBCC16D349CA8BBE76EC7530DBC2B036A96AE9E8D4792F7F86C3A8E66617A9A148E24B391B4F0D230A66443B7F04CBC2CFF79E3A5816A2819F1B9BA41EDDE95B0E929C6570B0EFBCC08D5F0F82CE6CA6BF87C19CFA390D6C63A8D99E41FC2222C8619A38BC2F023AE55AD988D3D9B8E995DA0EE0AB32FF307CAF4D0F0FA33B89D05A68CFE9CA4C1E5DD22D9E40FA6BC86F8D07A00C69363786F3C319E7A3EB84D92AFA6B3E279187F05C1596C3A1DFE9C24F711309D0CAFBD204C4CE7C09B4FA613E0155489B9F1DC779AC27118749BF7D8B80D6E070A8DBD2BC3E5F3D474ACCCA773D54831A26C3FE6C46ED912EF53F05B4E2D64747E36D8EB506D999BAD7BAA93698E973D25ECAE10F66FC083E58DE99AC4F943646CA97D801318555AA3D3D1158730CBE8F5EA411BBED19BB08E7947A077857FEFC17D18C7E613F3190A1DB60241E8E5C686D82C7884BA8032AC348C3C7942BB76764C9C6559E287054F58F7081F7080ADF7240E4666D107C88EA110BE66015913A2B4307F46C4E0B7632FE36310811C8C667E194178EE65BE1788FB95B0678165FBAA2D6FAA7D92ABF76C0BFF20548C0F64A170CA73B8A8850206A777BE1B68CEF7C3B51719518CFB7A64B62B8D8850D7C3E71C8335342360338D4862D200E505CB495D17C7211DA50E279424DA09280E33612A007CCC895D13502ED8854240F16DF8410494A5D816049425C98B13D032BA8829FFB95023BB269E6C8C13857496474A07114E865C5B904D861E3B2F9A42343B15DBD5A1ED08C7ABF3703A3E37A04AE44823E6AFF7F6845585F9C864237F2B655E11069C6A647587C4BCEF8AE0E15A7A76EA3077155BD536D5BD6CD2B6FAA2BF798715B7B9B7A1D15A504C2322AA6BE34E2836A88808F76555AD535F9E25EDA3B63ECDBBADBC743B54C7EBDBB8FA168A57739D755EB8D2ABD737DDFA2F5E895336B2E17E1CD57FEA36B10501D417EB8623804EF4D537F01C767F50E9172E22A91AA8BE9544DA475D1834EFB9F23653BF1D975C5A51B5B0E9068B68F8CA8CDE9E8CF2867B33C35BE46A2A0D608EAB296152B93CFAD340B63873A944C569F90D13C2637CE3C97CD4496FA5F43BE284CB2ACD6D93DD5CE9DC61C96D170A94BEC3D2BAE3E54507149A09CA047FDA0C153EBE2DE2363DC9826D40D1C52EF10C5FCAE0FB83C09720675732E87805B960C1CF95024D588C92D532844A083400F8CA9FD800DEAED7E0089E5719A8C43D6B015BC5A26D84C54E350B581C38B611B554BD1A506CFACBB0EA858406A2B6246520946DAA83A90D12290E65E46880EAF95D8643590C3A180D898DC85B2801190A56279ACF6BFD104A9B42AB0F0E89D215D4E055C474A60A37477FE6A72BE3ED98BA63F5E015A63EE3AD130A4B3680797386A5440B2A5543584F25D98E80CD9E40272A71FE7B0595AACE38A7121E2E7A2249BCD2167EE94E24627DC80A0AE18E742690F88087489B66B7A8996394EA463DB136D044E90AD551B68D8C700F1E4A84A3C1316AE21AA51A4D59264D2221F786EA89D8A2FB7C3C4AB1FB4D6E52134729D56C329137F45EE11AED81F57CE04B75DFB5AC57B83CDBF67D08CE8BB100C5FE37FB3FCD3CA054E3692BAC810A4A9F67CF742081079B282177889ABA44BB504370829A6896361491C403935044E322357592D214A1CDEB2692A8DDA2FD93A461B434FB4C0DBDA6DDE831C48811E33489B46876A19A3951A9C6D3EBA5064228DDA6BDD04116E247A484CEA76AEA55A5A92133FF4C9DA03D9B946C3818911C6ACF9EDEB74735BD5AB436D040EACDEB4510C48833AA7EAB1C7D66AEBE36FD9738F7281876F16E4C882A7249EDD0ABF30E274BFF01AC3C9C703881457CB0CE375E541E58AD3216DE7A1DC6F719F912A78C966BCF47B6D01F97E3D1D32A8AB3A3F1439EAFDF4D2659019DEDADEAE8697EB29A78413299BE7EFDD3647F7FB22A31263E33C878F7635D539EA4DE3DE07291191680D330CD50304FEFD6438774E7C14A2826755F2A9C255595BC8752645FE53FA9BE407FD7A7884DEF144B3CFC18EF14F618CD1445E781385D8A5FC26F5178552F95C4F29927D16615AB772BD45F9F431AEEB30038C90E632A620847819B30E64524211A622E892DD48480E3F3D01038C91CE3D7B32B16A14830FFBEBCC14203942922C2E1841304617B47104161EF8D95692389AF94AD6B79974F2406E2AEFAB01F692717D6690C926A8E748AFE63617092C5B81131CE6D311622C6C21603BFED4963E0240BCA32AFD333D465722C10B947DB194C2ECF424B702FCF33EA82CBB3406D682B9F67A113E987E619D5486798E371AFCDD3885C961DE649F5E63C8F586798E389EFCED3A062AE454BA917E8998652E916E3AE7E859E197A75AA1552754D8F83AA922D24867A839E11182ADD422FD0713319ED4067588C12F2D63C334048B2859C948FCB33C251269963544FC7D320559A05CDC9CBF00CC949B285CEBB9120D58916D4A15E88674844A5DB5956285E016F5A6D240B9F0614BC7A6250709ACD5C45DF1566A72C3AC76216AE1F7E6726E23AD51C49368CD563784B16A0CAF5D171BDC31DA768B1EED121F46311DAF1AC4F0B8A7FFB5C00A3F22C340AF3063AA356981C2B0B8A7EE89C33A0E82C8B56D2CF99338DA4335AE129282A2F61B1D2131E3067567D42AE853E129F3267149398DD025BD2663ECF62B6115F3B67261D31DB1C9B3C7D4E4392D49DD1AB92F325AE95AC78BCCC5ECD1A60F4A368AB3B653C1BED50A897A519638B245B621517D12560387D27C54B7976C89D7895C70CBB89970243AD9B98479A59D5D4F8B2B41AB3FAA6787999754A34BC3CADC6B313E21D1015D5092A7792529C6DEC262872887E154975AC9E59FB298EDA6F8D93F56115D70CACCEEBDAF34DF9653FB346FD8A30E7CDC8154BD82D318A3A43E29A55E454B43DB31ABEED875DD51BB6CCA200A759F91BAA07FC389743956CB1AAAA9EF063965355A28597AE7CA496F1D09549161E48FC042DE37DC469BB23CAD46117E7B24C4EE6B710E6868F7B523ED5EBA78CF2A912AD7D5629BFA6AF52CD91C873A6341249B56F93641B84CBB21CB7C52BA1C2B02D52AD46AD8053A5D9F83E709836D6ED81135F863EDA9216A00E7AB95602E45A8DBD0E68F8B61F1520BA1E546E07A5A3481CAFD683B57E9592B58270A2A55B4CE207DB25C1EB75C1D271B162B750194AF2B6C4297CF4CD35ABCADB6EF63C527CD70F735CEF8C328129393F05C9D819D633C7155D0B80FA6CA68114347DBCED71AA64BEF5A1A4BED9CE1E38959D20A3EFAAB53929467F6F76240C9DA815ADE199EC7E9A482F23BE131C79BC05AA012DDAA68C37D15A261B5B344FE2A0909FD159865E3FACC3DC9AF6983F766C2D28FC8DBE560768EBAF0D8FC94A3821BFC6D7920F18C48180C86F29EE9478283BDB5936F8EB8EADBC97F5D7863E4A0913E4971CDBEA8F12C4816CC8AF700E221BCE58DB6ED8F35F7767ED8E0D7BF90DD5DFC9B017EFBAB6F4852BE543E9F196B04275BF75EB32A2BAC3FBBB93127213B8AD9C10043792C2DFFD6DC9921AC6A9B4F0B79C774A5E1ABADC5D622437A5DBEE4C1004F30D0819579477A3DB5A1718C585C4286F81EF94C4A87BEC52605ACE4422802B71D9B5C94875437EA764A5BFD948BC65DF72BB432928CA4D0D09375437EBB72E26AAE801BF132961AFDBB7F0782BA543EAD796304076CD7EEB52210B1FF0BB92083A18411BA9A0BFEF2619620082968CA0809C4988186461A7A4A4B1CB7A4911C234F0456A7F3E4EA97FD7611A70880426764341131489A1A04586C335F03113CA22E35175E2B5780E3A07AB3D54606FF9F7A87A49B52AB0F0E2F00E6479F9F6D878FA7A7F3A1ECDA2D0CBCA101A381AC43B3E3EAC517888FD03141E0204AB09FFB97D9009849265013304A8DD27D6CFCA0584F805089250494853DCE7C309FFE1A14420CBB09B61BDB7F13388D19BD220B8F2F21CA431D9501E8F90CCA10B17B5DC4D1AE1716C86B286F8D14BFD072FFD8F95F7F49FADA0A65AA822CEAF06A98CD4E0A24D38600345404B80225E838B96949709DA37849A58281021A6F2591C80A7A3F1FF145FBD1B9DFDF54BFDE1ABD1650A87E3BBD1EBD13F9B39426FF7358E056920EF973A14C806697B2EE1900D4E86933BA8851194C9C8C497105D348A0DE3E004910B8C5062DE86F66CE4033738A01C1FB5A17DE398600DED61B8080D25500013F310094B0BB4932A3A43472C312843875E52C118DAA390300C9D30AA7BC0EDF50B1D77A17D539843452E649B045C28D120D86D184382B582C371171C34AC0ABEE0C22621E117DAB3AF8EBCD01E828EB8E0827538EC42FB06B1EF55B44160032DB4C72121163A2AA0EEE3943D08C3F2C9C86AA30158C36DE13D9D83F83E7F381AEF4F7F7464C8CD9A82250C61D111E2A8FB3710EFA4360ED3AEE9DB1F5A194E546080F6CA9B0DB3E04205B041161C20324116DCE23921A1184DA13D96247C825AFB9874960F9BD0BE69923809ED4705899060ABCDAA2F8BE457A3B3EC631CFE7D03336E2035388DC68D2C49CB8C559A2630C18B5DA65657935B4C2AE5A7A6D38999414A0225B830B2A84809D670AD24431253C04C32342104245F5C358508307E34592F7F5CCB1CCFAF4C2F1C636F53B45B498F787FC74C7894EF618B45E53104F452B05B6AA2EA458BD6949F0EC159E959D0173B4FD4410D5CB8D6A8A3C86D1633D5D74E656A273DE28A53802F568AAA600B6E5C0DD5F5E68EEBF3FA7A73471C1C70C141DFAAA80B0EA086146BE9EA839CAAB4AB9FFAB48F81A538FDF66247561DF7A1831FB78EF8E042C793A80F2ED0B8A00FAEF44711B1010F7BE0872B2F42070DE05F597162601F4E23E85C07CC9EB6512B7DC2D781223AF85A774E85D2676AEDD405F9B28BBEDA4923407100F3C5AA2A773BD1660AC6C8555045AB70E55F74A644774F1ED5E1265E946BBF9DFB11757A0BEE47C961CA173BFE5DEF175FD141285EC69128892A63CF70DAB580F9B88711AF0A5BF16245D0680A32923DEB535E2AA253A774E5BBA8D297CBD54F44572D92BD5C0DB5D426CA4394065B02D5A7704CFB323E0611C8C168E6978767E75EE67B81480F747859D52271CF846E9324976DD51F84CAB02594871EDAFCCCF2D40BC5E022576918FBE1DA8B1474E1CA1B8A2CEA6A8DCCE71C8335885177941D37A954E9C69DD4F81CED75F460CE7EDB099B2C88F38B11B6721B46256C38F75B1436555CEC1D17364954B517236B8515AC12B532F35B943445A8BA1D1334219A530F32F67A6F4F788E9242A62FDD61C02AE95B910BE5EB8A624DBA205643281F36745367BE69F8CFDCF8AF24AA4AEB45022CD8D191F1EA6764C5AA1A6F6D0EC0762E2AD3CB996CAA7D64BA2575DAB7A242D411FF253AA42990D58092349002199EFFC329101BB66F5B8108D19DFA663CD9FCA7A1A8D417CEFCA6A7237699FD75D0260753FE4E8A80CDB43EA80C68E2520D21056220A601A4801C5660C4804A7EF172D0F4F486C404688C3635AC1C0C351B6C4908069C0FEC6460DB13821039A96F0920E70068282AF585F3BFE9E58DDD633FBD0BFE45F26AB1C45DA87415CADC84DFB0EB52F3DCC56EF82D55AFED0D225C4CCCADBEF54A79B68086C1292F5C9FA89EEAD83D5D2204D352B18A8FD785F94527EF30EB1B9FCED822FBB521C39C8BC0091B70AB762C71C1B10439C0C1D5582B783C22270AF87546195EEB681CDC2690CDE5A1049C09328960B01554EA44C0AFA3014AE0CB3C3DB8E04D157BC19790F6265B5F80BC9C8075554A8E1C08954ACA34578B8F65D8D48D77A01BEBC6659AEBC6BBF4367597F37A63D56591E69ACB2D5B5DC5B59F52A8AFCE9155533F2CABC3A73C21420D549EAC0EEA4D546D2DD41A4BAC86CA94D6433D58A9AB88B2E5857AA83C5935D48B78A6D2A091049D149849009E4F845A70BA0C1EBFDCA543A6273D019E094C29A98379228AAF890D98D87C1A6B441596AB2DE9B92DD65324D784E543327C9E303B359EB7A29024B9FCBA81ED780BA254FA484F14E523F17D1285D1BB8A07E1DD13050F143D4D548F0BF649125A09C85F3EEF4E10F14D2D9116CD27357A21036BDDD06F7B399001EE7D2809F31B8E21B46BA6DCFB4C13A74AEBDC3DFE8923B17B4DDBEDBD7093333598E778DC7558CDCFA65D6107FCECB77BE2CB3562079BF73F1D745130E6B887505C76933CBCD2D451F94E5FDB71367467256F86483AABD9D072D359C180E69FA070DADD06196EDEB67121C40374557CB341EC69F3EE84838E0A6B15EEB188EEDD9478D8251DD5F9E11B3CF112AB4766F16CD576625F5F10BBAFF6143BE031B378A382FABBEA16BD4A53754DED3454F845A9D6D2C9BD765308A15FE71D4ECAE5274E803F8550F98793EB4D8CAE4B97BF8E010AC95943A0270062E0331EC4BACC597C9754FE4CAE4555113E4805C8BDC0CBBD599A87779E9FC36C14D62D8CEFC7A3225416D255B720388B2F37F97A93C32E83D56DC4101039449BEA3F9C086D3EBC5C17BE16175D80CD0CD10DF3CBF8FD268C82BADDA792CB560A08E469C5D7C9102F7374AD0C090946BA101E9D570161F2D50EE21B00153D04CB2EE3A5F708DAB40D2A8F7370EFF9CF24E8960A44CF0896EC87C7A1779F7AAB0C6390EFE14F28C3C1EAE94FFF0FE75A9A4FD7250100, N'6.1.3-40302')
GO
INSERT [dbo].[__MigrationHistory] ([MigrationId], [ContextKey], [Model], [ProductVersion]) VALUES (N'201803131922207_new', N'ProvalusApplicantTrackingHub.Migrations.Configuration', 0x1F8B0800000000000400ED5D5F73DB38927FBFAAFB0E2A3DDD6D65AD584EE66652F66E29B23DF18E65BB2C27D99D97144DC2362F14A925298FBD57FBC9F6E13ED27D85034890F84F002448C999541E6201E00F4077A3D168008DFFFBD7FF1EFEF969158D1E419A85497C34DEDF7B3D1E81D84F8230BE3F1A6FF2BB3FFE38FEF39FFEFDDF0E4F82D5D3E85355EE0095835FC6D9D1F821CFD7EF2693CC7F002B2FDB5B857E9A64C95DBEE727AB89172493E9EBD73F4DF6F72700428C21D6687478BD89F370058A1FF0E73C897DB0CE375EB448021065381DE62C0BD4D185B702D9DAF3C1D1F82A4D1EBD6893CDD6EB28F4BD38BF493DFF2B6CEE87CDED5EF9F978348B420F366D09A2BBF1C88BE324F772D8F0771F33B0CCD324BE5FAE618217DD3CAF012C77E74519C01D7A478A9BF6EDF514F56D423EACA0FC4D96272B4BC0FD034CAC09FF792B928F6B6242729E40B2E7CFA8D705498FC6B32048410629C6D7F56E1EA5A89C11C1F730CCAB5153E157B5FC403143FF5E8DE69B28DFA4E028069B3CF522F8FDE6167EF70B78BE49BE82F828DE4411DD01D80598C724C02458E91AA4F9F335B8C3DD3A0BC6A309FBDD84FFB0FE8CFAA6ECF1599C1F4CC7A30B58B9771B815A3E28EA2CF324053F8318A45E0E822B2FCF411A230C505058A89DABEB3C8CC17E551D944848A0F168E13D9D83F83E7F381AC33FC7A3D3F00904550A6EC2C7388483137E94A71B2069A2BEDAA9836A9B6B99170418BA6F4BC81950570B07FE1E4EB1C4F9F5EC6AF8C6A3FA98B6E30155A6EBC02EBCC7F0BE904B0EF62FC92D1C88E3D135888AECEC215CB3157CA98A9CA6C9EA3A89884AC0395F96C926F551E31269F68D97DE839C6DD2E184E89946ED5355DE4DF99428DF758FA1EEB94AB2B09C4D2879238996927B8AFEDB8226DB4EB50B47D536D772B2F2C268F8CE5DA5E1CA4B9FAF1E92780BA4BD2AEA3DCB16C96D18D5F5BF4FA0D2F1ECC57209FC240E1CF646539DD3C6CFBD186AECC4A726B4B650C71063F608C5097D5381A1C49B7065CF23F42154E220054167ACD9267F48D2F01F20B8493E27E9D7CE3D4D37F74B3F0520EE8AB408A33087A2E300E77DEAC5FE03A369A9545BB148E2C7D0A75577DB969D3CAD232FF69859A0B7A111DEC39AE0445B373A8C0BE29AD4A411A1DB6493F7DE816B906D0650FAF3ABD9FBA59F103AA92C018D1ABD710032CB32C8B515B427FA170F68D46C32C16E4749B62ABF325429249C643B3C56EB28790640B0CAD90C5B93C5CBF29320CC3B6B4E895231D528CA95426D334B170BD8D6A70A91E5029F272C1884029D960C180635F06306D2CE8E0B16EE1B59444846EBFEF4C73EACB60EB26869F44EDFFEE0CAB48613E95D98AE8811D3761EBDF2B2ECB7240D3E78D943FF9A12F89B140E06A81E57EBDE6B2B0CDA8BCDEA168DB1E1EA72C69A9BDF9253CF872BE593187DD519EF3CF1BF426BE3240E90DEFE98FBA21A370470D29C99EF832C3B85C20C8279B2211375BB091FE93ECDD2D674FCB59E82E69117AE32B9B38AD5D25FAAA294D34A5A42745EC98BC966A4A6A69E27F7616CD6D4AAA8BAA965096D537131DBA62230B396E292EA861605B4ED2C4B759AE32B4F16C22B38D434CB2FEACD8F59B6BE00F95EF5F55E897B9A424CA8A4BFEE09B0AF46C61F93A97F6A3AF51FECDFDE1DFCF8F6072F38F8E10D3878FB2DFA121129B7617614EC63CCF3DE9665A8A64FD022745D55ABD1502801F7A3A180DDFDD150341319E86180AC9289FE8BAA3084372A5FC9B3ED98E35A36F47060BA3974E5C3E88056C305CD45EE470B42DDFDC12217656951D4A13652BF2DED5FB57747246E9EAC4A575937570486F9465C10FDDB1E70A998BBF150B6F79A157B1852EB1A73F34B558498D56C8E604F73D9B6F67EC3967F852C6EF9B339CA26B9D8F23F09363EDE78E8365C6AA0EF03C670C02CFD872471B1AFACF5E8A7F931B577D9DAD18D9D2D9D7116DE7F27FD7BB18EC17D0A7A5890B419EAF5E0900C763E4F18EE42017BF74835C41B9B468AC91A57E53634AF2ED24D23159B3A2E667082F45D27994EE29B34A526F1D61BDAE5C69C8B416E59331C2237611EB918F72DFB3CD00917A4D5AFBC7A7D790CFC70E5C1D9E42A857FE1D3E3D0EA5EFA1EEA81BD0B1A2AFB3EE121F6357F40B44EB33F6ABAED194E6D925607BA65AAB7D64F5FEA6294EA157245D52B1671689F52E892598BCF6C6A9C0B4315EA50005593DFE8403099156AA0EF9382E1A4B09DB39DAED4B86ED5BA5A7BB18BF3F1067BAADB5C1B370CF47A4448C6399F270C73A18093AD26F79EC297E1257C29E74CB6BD398D5C9DF24995E6F7175C8C88B3982B08B4A44827915E7E0DE1B4D071D22A40BE4F588613D690E769E1CFBBD00FA1067C668D593ABD0FAD5D88844463D3E982703399B6B6E20DF01FE2244AEE9F1B1A4417E21B45F2140DA30A741A737423BA0D3C82F47DF40D6B2EF6776B4A2D469B15ADB8CBFB8A67D969E4DD935BC91D153902ED47942001039046CF108566354BC60540C7FAAAC5E9F978549CA5381ABF1608CE96FCA52EB9AF29795D979C6A4AFE5A973C682E399FD525DF684A5ED625DF6A4ADED4257F682E793CAF4BFE97A6E4495DF2C7E692A784F23F3597FC99F47D5FC3A40F67A4A8864B6714AA864D67C7A4A8864F67A457FB1A469D5D90A21A4EFDB2244535ACFAE56FA4A88657E7140534CC5A504535DC5A10624D35DC5A1061996AB8B5208C9D6AB8B520749D6AB8B5206365AAE1D682B060AAE1D6828CABA9865B1764604D35DCBAA0E8AAE1D60545570DB72E3E100DA4E1D6C55F48510DB72E16A4A8865B179F48510DB72E88681F68B8754994F581865B97140534DCBA248AFD40C3AD2B32600E34DCBA26A27DA0E1D69288CB1B0DB796445CDE68B8754306CC1B0DB76EFE4A8A6AB8F5918C82371A6E7DA226370DB73E51A81A6E7DA65035DCFA4C58F046C3ADCF445EDF68B8F599C8EB5B8E5BC8FE2A2DAD06EB8B89B8E0D606A3A077C6122357B9CC0C32B2C366669651E73CE4D69911538881ED962315EEAEB0E3183C822859979BD0660CB900F9095AE998B163F99CD1A575D304C867C12A24BCD3681F88CE96D7A820B4C85D6ED6EB2425DDD5A8A2657297FFE6A5E006647948F544A3963E80687D0CB2AFA61675D18D3083BCCDC347606A5D2FBDE2EA8499817DB946EB5CE4CA3036B4AF819F6E42A6DFBCC16D349CA8BBE76EC7530DBC2B036A96AE9E8D4792F7F86C3A8E66617A9A148E24B391B4F0D230A66443B7F04CBC2CFF79E3A5816A2819F1B9BA41EDDE95B0E929C6570B0EFBCC08D5F0F82CE6CA6BF87C19CFA390D6C63A8D99E41FC2222C8619A38BC2F023AE55AD988D3D9B8E995DA0EE0AB32FF307CAF4D0F0FA33B89D05A68CFE9CA4C1E5DD22D9E40FA6BC86F8D07A00C69363786F3C319E7A3EB84D92AFA6B3E279187F05C1596C3A1DFE9C24F711309D0CAFBD204C4CE7C09B4FA613E0155489B9F1DC779AC27118749BF7D8B80D6E070A8DBD2BC3E5F3D474ACCCA773D54831A26C3FE6C46ED912EF53F05B4E2D64747E36D8EB506D999BAD7BAA93698E973D25ECAE10F66FC083E58DE99AC4F943646CA97D801318555AA3D3D1158730CBE8F5EA411BBED19BB08E7947A077857FEFC17D18C7E613F3190A1DB60241E8E5C686D82C7884BA8032AC348C3C7942BB76764C9C6559E287054F58F7081F7080ADF7240E4666D107C88EA110BE66015913A2B4307F46C4E0B7632FE36310811C8C667E194178EE65BE1788FB95B0678165FBAA2D6FAA7D92ABF76C0BFF20548C0F64A170CA73B8A8850206A777BE1B68CEF7C3B51719518CFB7A64B62B8D8850D7C3E71C8335342360338D4862D200E505CB495D17C7211DA50E279424DA09280E33612A007CCC895D13502ED8854240F16DF8410494A5D816049425C98B13D032BA8829FFB95023BB269E6C8C13857496474A07114E865C5B904D861E3B2F9A42343B15DBD5A1ED08C7ABF3703A3E37A04AE44823E6AFF7F6845585F9C864237F2B655E11069C6A647587C4BCEF8AE0E15A7A76EA3077155BD536D5BD6CD2B6FAA2BF798715B7B9B7A1D15A504C2322AA6BE34E2836A88808F76555AD535F9E25EDA3B63ECDBBADBC743B54C7EBDBB8FA168A57739D755EB8D2ABD737DDFA2F5E895336B2E17E1CD57FEA36B10501D417EB8623804EF4D537F01C767F50E9172E22A91AA8BE9544DA475D1834EFB9F23653BF1D975C5A51B5B0E9068B68F8CA8CDE9E8CF2867B33C35BE46A2A0D608EAB296152B93CFAD340B63873A944C569F90D13C2637CE3C97CD4496FA5F43BE284CB2ACD6D93DD5CE9DC61C96D170A94BEC3D2BAE3E54507149A09CA047FDA0C153EBE2DE2363DC9826D40D1C52EF10C5FCAE0FB83C09720675732E87805B960C1CF95024D588C92D532844A083400F8CA9FD800DEAED7E0089E5719A8C43D6B015BC5A26D84C54E350B581C38B611B554BD1A506CFACBB0EA858406A2B6246520946DAA83A90D12290E65E46880EAF95D8643590C3A180D898DC85B2801190A56279ACF6BFD104A9B42AB0F0E89D215D4E055C474A60A37477FE6A72BE3ED98BA63F5E015A63EE3AD130A4B3680797386A5440B2A5543584F25D98E80CD9E40272A71FE7B0595AACE38A7121E2E7A2249BCD2167EE94E24627DC80A0AE18E742690F88087489B66B7A8996394EA463DB136D044E90AD551B68D8C700F1E4A84A3C1316AE21AA51A4D59264D2221F786EA89D8A2FB7C3C4AB1FB4D6E52134729D56C329137F45EE11AED81F57CE04B75DFB5AC57B83CDBF67D08CE8BB100C5FE37FB3FCD3CA054E3692BAC810A4A9F67CF742081079B282177889ABA44BB504370829A6896361491C403935044E322357592D214A1CDEB2692A8DDA2FD93A461B434FB4C0DBDA6DDE831C48811E33489B46876A19A3951A9C6D3EBA5064228DDA6BDD04116E247A484CEA76AEA55A5A92133FF4C9DA03D9B946C3818911C6ACF9EDEB74735BD5AB436D040EACDEB4510C48833AA7EAB1C7D66AEBE36FD9738F7281876F16E4C882A7249EDD0ABF30E274BFF01AC3C9C703881457CB0CE375E541E58AD3216DE7A1DC6F719F912A78C966BCF47B6D01F97E3D1D32A8AB3A3F1439EAFDF4D2659019DEDADEAE8697EB29A78413299BE7EFDD3647F7FB22A31263E33C878F7635D539EA4DE3DE07291191680D330CD50304FEFD6438774E7C14A2826755F2A9C255595BC8752645FE53FA9BE407FD7A7884DEF144B3CFC18EF14F618CD1445E781385D8A5FC26F5178552F95C4F29927D16615AB772BD45F9F431AEEB30038C90E632A620847819B30E64524211A622E892DD48480E3F3D01038C91CE3D7B32B16A14830FFBEBCC14203942922C2E1841304617B47104161EF8D95692389AF94AD6B79974F2406E2AEFAB01F692717D6690C926A8E748AFE63617092C5B81131CE6D311622C6C21603BFED4963E0240BCA32AFD333D465722C10B947DB194C2ECF424B702FCF33EA82CBB3406D682B9F67A113E987E619D5486798E371AFCDD3885C961DE649F5E63C8F586798E389EFCED3A062AE454BA917E8998652E916E3AE7E859E197A75AA1552754D8F83AA922D24867A839E11182ADD422FD0713319ED4067588C12F2D63C334048B2859C948FCB33C251269963544FC7D320559A05CDC9CBF00CC949B285CEBB9120D58916D4A15E88674844A5DB5956285E016F5A6D240B9F0614BC7A6250709ACD5C45DF1566A72C3AC76216AE1F7E6726E23AD51C49368CD563784B16A0CAF5D171BDC31DA768B1EED121F46311DAF1AC4F0B8A7FFB5C00A3F22C340AF3063AA356981C2B0B8A7EE89C33A0E82C8B56D2CF99338DA4335AE129282A2F61B1D2131E3067567D42AE853E129F3267149398DD025BD2663ECF62B6115F3B67261D31DB1C9B3C7D4E4392D49DD1AB92F325AE95AC78BCCC5ECD1A60F4A368AB3B653C1BED50A897A519638B245B621517D12560387D27C54B7976C89D7895C70CBB89970243AD9B98479A59D5D4F8B2B41AB3FAA6787999754A34BC3CADC6B313E21D1015D5092A7792529C6DEC262872887E154975AC9E59FB298EDA6F8D93F56115D70CACCEEBDAF34DF9653FB346FD8A30E7CDC8154BD82D318A3A43E29A55E454B43DB31ABEED875DD51BB6CCA200A759F91BAA07FC389743956CB1AAAA9EF063965355A28597AE7CA496F1D09549161E48FC042DE37DC469BB23CAD46117E7B24C4EE6B710E6868F7B523ED5EBA78CF2A912AD7D5629BFA6AF52CD91C873A6341249B56F93641B84CBB21CB7C52BA1C2B02D52AD46AD8053A5D9F83E709836D6ED81135F863EDA9216A00E7AB95602E45A8DBD0E68F8B61F1520BA1E546E07A5A3481CAFD683B57E9592B58270A2A55B4CE207DB25C1EB75C1D271B162B750194AF2B6C4297CF4CD35ABCADB6EF63C527CD70F735CEF8C328129393F05C9D819D633C7155D0B80FA6CA68114347DBCED71AA64BEF5A1A4BED9CE1E38959D20A3EFAAB53929467F6F76240C9DA815ADE199EC7E9A482F23BE131C79BC05AA012DDAA68C37D15A261B5B344FE2A0909FD159865E3FACC3DC9AF6983F766C2D28FC8DBE560768EBAF0D8FC94A3821BFC6D7920F18C48180C86F29EE9478283BDB5936F8EB8EADBC97F5D7863E4A0913E4971CDBEA8F12C4816CC8AF700E221BCE58DB6ED8F35F7767ED8E0D7BF90DD5DFC9B017EFBAB6F4852BE543E9F196B04275BF75EB32A2BAC3FBBB93127213B8AD9C10043792C2DFFD6DC9921AC6A9B4F0B79C774A5E1ABADC5D622437A5DBEE4C1004F30D0819579477A3DB5A1718C585C4286F81EF94C4A87BEC52605ACE4422802B71D9B5C94875437EA764A5BFD948BC65DF72BB432928CA4D0D09375437EBB72E26AAE801BF132961AFDBB7F0782BA543EAD796304076CD7EEB52210B1FF0BB92083A18411BA9A0BFEF2619620082968CA0809C4988186461A7A4A4B1CB7A4911C234F0456A7F3E4EA97FD7611A70880426764341131489A1A04586C335F03113CA22E35175E2B5780E3A07AB3D54606FF9F7A87A49B52AB0F0E2F00E6479F9F6D878FA7A7F3A1ECDA2D0CBCA101A381AC43B3E3EAC517888FD03141E0204AB09FFB97D9009849265013304A8DD27D6CFCA0584F805089250494853DCE7C309FFE1A14420CBB09B61BDB7F13388D19BD220B8F2F21CA431D9501E8F90CCA10B17B5DC4D1AE1716C86B286F8D14BFD072FFD8F95F7F49FADA0A65AA822CEAF06A98CD4E0A24D38600345404B80225E838B96949709DA37849A58281021A6F2591C80A7A3F1FF145FBD1B9DFDF54BFDE1ABD1650A87E3BBD1EBD13F9B39426FF7358E056920EF973A14C806697B2EE1900D4E86933BA8851194C9C8C497105D348A0DE3E004910B8C5062DE86F66CE4033738A01C1FB5A17DE398600DED61B8080D25500013F310094B0BB4932A3A43472C312843875E52C118DAA390300C9D30AA7BC0EDF50B1D77A17D539843452E649B045C28D120D86D184382B582C371171C34AC0ABEE0C22621E117DAB3AF8EBCD01E828EB8E0827538EC42FB06B1EF55B44160032DB4C72121163A2AA0EEE3943D08C3F2C9C86AA30158C36DE13D9D83F83E7F381AEF4F7F7464C8CD9A82250C61D111E2A8FB3710EFA4360ED3AEE9DB1F5A194E546080F6CA9B0DB3E04205B041161C20324116DCE23921A1184DA13D96247C825AFB9874960F9BD0BE69923809ED4705899060ABCDAA2F8BE457A3B3EC631CFE7D03336E2035388DC68D2C49CB8C559A2630C18B5DA65657935B4C2AE5A7A6D38999414A0225B830B2A84809D670AD24431253C04C32342104245F5C358508307E34592F7F5CCB1CCFAF4C2F1C636F53B45B498F787FC74C7894EF618B45E53104F452B05B6AA2EA458BD6949F0EC159E959D0173B4FD4410D5CB8D6A8A3C86D1633D5D74E656A273DE28A53802F568AAA600B6E5C0DD5F5E68EEBF3FA7A73471C1C70C141DFAAA80B0EA086146BE9EA839CAAB4AB9FFAB48F81A538FDF66247561DF7A1831FB78EF8E042C793A80F2ED0B8A00FAEF44711B1010F7BE0872B2F42070DE05F597162601F4E23E85C07CC9EB6512B7DC2D781223AF85A774E85D2676AEDD405F9B28BBEDA4923407100F3C5AA2A773BD1660AC6C8555045AB70E55F74A644774F1ED5E1265E946BBF9DFB11757A0BEE47C961CA173BFE5DEF175FD141285EC69128892A63CF70DAB580F9B88711AF0A5BF16245D0680A32923DEB535E2AA253A774E5BBA8D297CBD54F44572D92BD5C0DB5D426CA4394065B02D5A7704CFB323E0611C8C168E6978767E75EE67B81480F747859D52271CF846E9324976DD51F84CAB02594871EDAFCCCF2D40BC5E022576918FBE1DA8B1474E1CA1B8A2CEA6A8DCCE71C8335885177941D37A954E9C69DD4F81CED75F460CE7EDB099B2C88F38B11B6721B46256C38F75B1436555CEC1D17364954B517236B8515AC12B532F35B943445A8BA1D1334219A530F32F67A6F4F788E9242A62FDD61C02AE95B910BE5EB8A624DBA205643281F36745367BE69F8CFDCF8AF24AA4AEB45022CD8D191F1EA6764C5AA1A6F6D0EC0762E2AD3CB996CAA7D64BA2575DAB7A242D411FF253AA42990D58092349002199EFFC329101BB66F5B8108D19DFA663CD9FCA7A1A8D417CEFCA6A7237699FD75D0260753FE4E8A80CDB43EA80C68E2520D21056220A601A4801C5660C4804A7EF172D0F4F486C404688C3635AC1C0C351B6C4908069C0FEC6460DB13821039A96F0920E70068282AF585F3BFE9E58DDD633FBD0BFE45F26AB1C45DA87415CADC84DFB0EB52F3DCC56EF82D55AFED0D225C4CCCADBEF54A79B68086C1292F5C9FA89EEAD83D5D2204D352B18A8FD785F94527EF30EB1B9FCED822FBB521C39C8BC0091B70AB762C71C1B10439C0C1D5582B783C22270AF87546195EEB681CDC2690CDE5A1049C09328960B01554EA44C0AFA3014AE0CB3C3DB8E04D157BC19790F6265B5F80BC9C8075554A8E1C08954ACA34578B8F65D8D48D77A01BEBC6659AEBC6BBF4367597F37A63D56591E69ACB2D5B5DC5B59F52A8AFCE9155533F2CABC3A73C21420D549EAC0EEA4D546D2DD41A4BAC86CA94D6433D58A9AB88B2E5857AA83C5935D48B78A6D2A091049D149849009E4F845A70BA0C1EBFDCA543A6273D019E094C29A98379228AAF890D98D87C1A6B441596AB2DE9B92DD65324D784E543327C9E303B359EB7A29024B9FCBA81ED780BA254FA484F14E523F17D1285D1BB8A07E1DD13050F143D4D548F0BF649125A09C85F3EEF4E10F14D2D9116CD27357A21036BDDD06F7B399001EE7D2809F31B8E21B46BA6DCFB4C13A74AEBDC3DFE8923B17B4DDBEDBD7093333598E778DC7558CDCFA65D6107FCECB77BE2CB3562079BF73F1D745130E6B887505C76933CBCD2D451F94E5FDB71367467256F86483AABD9D072D359C180E69FA070DADD06196EDEB67121C40374557CB341EC69F3EE84838E0A6B15EEB188EEDD9478D8251DD5F9E11B3CF112AB4766F16CD576625F5F10BBAFF6143BE031B378A382FABBEA16BD4A53754DED3454F845A9D6D2C9BD765308A15FE71D4ECAE5274E803F8550F98793EB4D8CAE4B97BF8E010AC95943A0270062E0331EC4BACC597C9754FE4CAE4555113E4805C8BDC0CBBD599A87779E9FC36C14D62D8CEFC7A3225416D255B720388B2F37F97A93C32E83D56DC4101039449BEA3F9C086D3EBC5C17BE16175D80CD0CD10DF3CBF8FD268C82BADDA792CB560A08E469C5D7C9102F7374AD0C090946BA101E9D570161F2D50EE21B00153D04CB2EE3A5F708DAB40D2A8F7370EFF9CF24E8960A44CF0896EC87C7A1779F7AAB0C6390EFE14F28C3C1EAE94FFF0FE75A9A4FD7250100, N'6.1.3-40302')
GO
SET IDENTITY_INSERT [dbo].[Addresses] ON 

GO
INSERT [dbo].[Addresses] ([Id], [Line1], [Line2], [City], [State], [ZIP], [Type], [JobApp_Id]) VALUES (1, N'Address Line 1', N'', N'City', 1, N'00000', 0, NULL)
GO
INSERT [dbo].[Addresses] ([Id], [Line1], [Line2], [City], [State], [ZIP], [Type], [JobApp_Id]) VALUES (3, N'Address Line 1', N'', N'City', 1, N'00000', 0, NULL)
GO
INSERT [dbo].[Addresses] ([Id], [Line1], [Line2], [City], [State], [ZIP], [Type], [JobApp_Id]) VALUES (5, N'Address Line 1', N'', N'City', 1, N'00000', 0, NULL)
GO
INSERT [dbo].[Addresses] ([Id], [Line1], [Line2], [City], [State], [ZIP], [Type], [JobApp_Id]) VALUES (7, N'Address Line 1', N'', N'City', 1, N'00000', 0, NULL)
GO
INSERT [dbo].[Addresses] ([Id], [Line1], [Line2], [City], [State], [ZIP], [Type], [JobApp_Id]) VALUES (9, N'Address Line 1', N'', N'City', 1, N'00000', 0, NULL)
GO
INSERT [dbo].[Addresses] ([Id], [Line1], [Line2], [City], [State], [ZIP], [Type], [JobApp_Id]) VALUES (10, N'Address Line 1', N'', N'City', 1, N'00000', 0, NULL)
GO
INSERT [dbo].[Addresses] ([Id], [Line1], [Line2], [City], [State], [ZIP], [Type], [JobApp_Id]) VALUES (11, N'Address Line 1', N'', N'City', 1, N'00000', 0, NULL)
GO
INSERT [dbo].[Addresses] ([Id], [Line1], [Line2], [City], [State], [ZIP], [Type], [JobApp_Id]) VALUES (12, N'Address Line 1', N'', N'City', 1, N'00000', 0, NULL)
GO
INSERT [dbo].[Addresses] ([Id], [Line1], [Line2], [City], [State], [ZIP], [Type], [JobApp_Id]) VALUES (13, N'Address Line 1', N'', N'City', 1, N'00000', 0, NULL)
GO
INSERT [dbo].[Addresses] ([Id], [Line1], [Line2], [City], [State], [ZIP], [Type], [JobApp_Id]) VALUES (15, N'Address Line 1', N'', N'City', 1, N'00000', 0, NULL)
GO
INSERT [dbo].[Addresses] ([Id], [Line1], [Line2], [City], [State], [ZIP], [Type], [JobApp_Id]) VALUES (17, N'Address Line 1', N'', N'City', 1, N'00000', 0, NULL)
GO
INSERT [dbo].[Addresses] ([Id], [Line1], [Line2], [City], [State], [ZIP], [Type], [JobApp_Id]) VALUES (18, N'Address Line 1', N'', N'City', 1, N'00000', 0, NULL)
GO
INSERT [dbo].[Addresses] ([Id], [Line1], [Line2], [City], [State], [ZIP], [Type], [JobApp_Id]) VALUES (19, N'Address Line 1', N'', N'City', 1, N'00000', 0, NULL)
GO
INSERT [dbo].[Addresses] ([Id], [Line1], [Line2], [City], [State], [ZIP], [Type], [JobApp_Id]) VALUES (20, N'Address Line 1', N'', N'City', 1, N'00000', 0, NULL)
GO
INSERT [dbo].[Addresses] ([Id], [Line1], [Line2], [City], [State], [ZIP], [Type], [JobApp_Id]) VALUES (21, N'Address Line 1', N'', N'City', 1, N'00000', 0, NULL)
GO
INSERT [dbo].[Addresses] ([Id], [Line1], [Line2], [City], [State], [ZIP], [Type], [JobApp_Id]) VALUES (24, N'Address Line 1', N'', N'City', 1, N'00000', 0, NULL)
GO
INSERT [dbo].[Addresses] ([Id], [Line1], [Line2], [City], [State], [ZIP], [Type], [JobApp_Id]) VALUES (26, N'Address Line 1', N'', N'City', 1, N'00000', 0, NULL)
GO
INSERT [dbo].[Addresses] ([Id], [Line1], [Line2], [City], [State], [ZIP], [Type], [JobApp_Id]) VALUES (27, N'Address Line 1', N'', N'City', 1, N'00000', 0, NULL)
GO
INSERT [dbo].[Addresses] ([Id], [Line1], [Line2], [City], [State], [ZIP], [Type], [JobApp_Id]) VALUES (28, N'Address Line 1', N'', N'City', 1, N'00000', 0, NULL)
GO
INSERT [dbo].[Addresses] ([Id], [Line1], [Line2], [City], [State], [ZIP], [Type], [JobApp_Id]) VALUES (29, N'Address Line 1', N'', N'City', 1, N'00000', 0, NULL)
GO
INSERT [dbo].[Addresses] ([Id], [Line1], [Line2], [City], [State], [ZIP], [Type], [JobApp_Id]) VALUES (30, N'Address Line 1', N'', N'City', 1, N'00000', 0, NULL)
GO
INSERT [dbo].[Addresses] ([Id], [Line1], [Line2], [City], [State], [ZIP], [Type], [JobApp_Id]) VALUES (31, N'Address Line 1', N'', N'City', 1, N'00000', 0, NULL)
GO
INSERT [dbo].[Addresses] ([Id], [Line1], [Line2], [City], [State], [ZIP], [Type], [JobApp_Id]) VALUES (33, N'Address Line 1', N'', N'City', 1, N'00000', 0, NULL)
GO
INSERT [dbo].[Addresses] ([Id], [Line1], [Line2], [City], [State], [ZIP], [Type], [JobApp_Id]) VALUES (34, N'Address Line 1', N'', N'City', 1, N'00000', 0, NULL)
GO
INSERT [dbo].[Addresses] ([Id], [Line1], [Line2], [City], [State], [ZIP], [Type], [JobApp_Id]) VALUES (35, N'Address Line 1', N'', N'City', 1, N'00000', 0, NULL)
GO
INSERT [dbo].[Addresses] ([Id], [Line1], [Line2], [City], [State], [ZIP], [Type], [JobApp_Id]) VALUES (37, N'Address Line 1', N'', N'City', 1, N'00000', 0, NULL)
GO
INSERT [dbo].[Addresses] ([Id], [Line1], [Line2], [City], [State], [ZIP], [Type], [JobApp_Id]) VALUES (39, N'Address Line 1', N'', N'City', 1, N'00000', 0, NULL)
GO
INSERT [dbo].[Addresses] ([Id], [Line1], [Line2], [City], [State], [ZIP], [Type], [JobApp_Id]) VALUES (41, N'Address Line 1', N'', N'City', 1, N'00000', 0, NULL)
GO
INSERT [dbo].[Addresses] ([Id], [Line1], [Line2], [City], [State], [ZIP], [Type], [JobApp_Id]) VALUES (43, N'Address Line 1', N'', N'City', 1, N'00000', 0, NULL)
GO
INSERT [dbo].[Addresses] ([Id], [Line1], [Line2], [City], [State], [ZIP], [Type], [JobApp_Id]) VALUES (44, N'Address Line 1', N'', N'City', 1, N'00000', 0, NULL)
GO
INSERT [dbo].[Addresses] ([Id], [Line1], [Line2], [City], [State], [ZIP], [Type], [JobApp_Id]) VALUES (45, N'Address Line 1', N'', N'City', 1, N'00000', 0, NULL)
GO
INSERT [dbo].[Addresses] ([Id], [Line1], [Line2], [City], [State], [ZIP], [Type], [JobApp_Id]) VALUES (47, N'Address Line 1', N'', N'City', 1, N'00000', 0, NULL)
GO
INSERT [dbo].[Addresses] ([Id], [Line1], [Line2], [City], [State], [ZIP], [Type], [JobApp_Id]) VALUES (48, N'Address Line 1', N'', N'City', 1, N'00000', 0, NULL)
GO
INSERT [dbo].[Addresses] ([Id], [Line1], [Line2], [City], [State], [ZIP], [Type], [JobApp_Id]) VALUES (50, N'Address Line 1', N'', N'City', 1, N'00000', 0, NULL)
GO
INSERT [dbo].[Addresses] ([Id], [Line1], [Line2], [City], [State], [ZIP], [Type], [JobApp_Id]) VALUES (52, N'Address Line 1', N'', N'City', 1, N'00000', 0, NULL)
GO
INSERT [dbo].[Addresses] ([Id], [Line1], [Line2], [City], [State], [ZIP], [Type], [JobApp_Id]) VALUES (54, N'Address Line 1', N'', N'City', 1, N'00000', 0, NULL)
GO
INSERT [dbo].[Addresses] ([Id], [Line1], [Line2], [City], [State], [ZIP], [Type], [JobApp_Id]) VALUES (56, N'Address Line 1', N'', N'City', 1, N'00000', 0, NULL)
GO
INSERT [dbo].[Addresses] ([Id], [Line1], [Line2], [City], [State], [ZIP], [Type], [JobApp_Id]) VALUES (58, N'Address Line 1', N'', N'City', 1, N'00000', 0, NULL)
GO
INSERT [dbo].[Addresses] ([Id], [Line1], [Line2], [City], [State], [ZIP], [Type], [JobApp_Id]) VALUES (60, N'Address Line 1', N'', N'City', 1, N'00000', 0, NULL)
GO
INSERT [dbo].[Addresses] ([Id], [Line1], [Line2], [City], [State], [ZIP], [Type], [JobApp_Id]) VALUES (62, N'Address Line 1', N'', N'City', 1, N'00000', 0, NULL)
GO
INSERT [dbo].[Addresses] ([Id], [Line1], [Line2], [City], [State], [ZIP], [Type], [JobApp_Id]) VALUES (63, N'Address Line 1', N'', N'City', 1, N'00000', 0, NULL)
GO
INSERT [dbo].[Addresses] ([Id], [Line1], [Line2], [City], [State], [ZIP], [Type], [JobApp_Id]) VALUES (64, N'Address Line 1', N'', N'City', 1, N'00000', 0, NULL)
GO
INSERT [dbo].[Addresses] ([Id], [Line1], [Line2], [City], [State], [ZIP], [Type], [JobApp_Id]) VALUES (66, N'Address Line 1', N'', N'City', 1, N'00000', 0, NULL)
GO
INSERT [dbo].[Addresses] ([Id], [Line1], [Line2], [City], [State], [ZIP], [Type], [JobApp_Id]) VALUES (68, N'Address Line 1', N'', N'City', 1, N'00000', 0, NULL)
GO
INSERT [dbo].[Addresses] ([Id], [Line1], [Line2], [City], [State], [ZIP], [Type], [JobApp_Id]) VALUES (69, N'Address Line 1', N'', N'City', 1, N'00000', 1, 35)
GO
INSERT [dbo].[Addresses] ([Id], [Line1], [Line2], [City], [State], [ZIP], [Type], [JobApp_Id]) VALUES (70, N'Address Line 1', N'', N'City', 1, N'00000', 0, NULL)
GO
INSERT [dbo].[Addresses] ([Id], [Line1], [Line2], [City], [State], [ZIP], [Type], [JobApp_Id]) VALUES (71, N'Address Line 1', N'', N'City', 1, N'00000', 0, NULL)
GO
INSERT [dbo].[Addresses] ([Id], [Line1], [Line2], [City], [State], [ZIP], [Type], [JobApp_Id]) VALUES (72, N'Address Line 1', N'', N'City', 1, N'00000', 0, NULL)
GO
INSERT [dbo].[Addresses] ([Id], [Line1], [Line2], [City], [State], [ZIP], [Type], [JobApp_Id]) VALUES (73, N'Address Line 1', N'', N'City', 1, N'00000', 0, NULL)
GO
INSERT [dbo].[Addresses] ([Id], [Line1], [Line2], [City], [State], [ZIP], [Type], [JobApp_Id]) VALUES (74, N'Address Line 1', N'', N'City', 1, N'00000', 0, NULL)
GO
INSERT [dbo].[Addresses] ([Id], [Line1], [Line2], [City], [State], [ZIP], [Type], [JobApp_Id]) VALUES (75, N'Address Line 1', N'', N'City', 1, N'00000', 0, NULL)
GO
INSERT [dbo].[Addresses] ([Id], [Line1], [Line2], [City], [State], [ZIP], [Type], [JobApp_Id]) VALUES (76, N'Address Line 1', N'', N'City', 1, N'00000', 1, 36)
GO
INSERT [dbo].[Addresses] ([Id], [Line1], [Line2], [City], [State], [ZIP], [Type], [JobApp_Id]) VALUES (77, N'Address Line 1', N'', N'City', 1, N'00000', 0, NULL)
GO
INSERT [dbo].[Addresses] ([Id], [Line1], [Line2], [City], [State], [ZIP], [Type], [JobApp_Id]) VALUES (78, N'Address Line 1', N'', N'City', 1, N'00000', 0, NULL)
GO
INSERT [dbo].[Addresses] ([Id], [Line1], [Line2], [City], [State], [ZIP], [Type], [JobApp_Id]) VALUES (79, N'Address Line 1', N'', N'City', 1, N'00000', 0, NULL)
GO
INSERT [dbo].[Addresses] ([Id], [Line1], [Line2], [City], [State], [ZIP], [Type], [JobApp_Id]) VALUES (80, N'Address Line 1', N'', N'City', 1, N'00000', 1, 37)
GO
INSERT [dbo].[Addresses] ([Id], [Line1], [Line2], [City], [State], [ZIP], [Type], [JobApp_Id]) VALUES (81, N'Address Line 1', N'', N'City', 1, N'00000', 0, NULL)
GO
INSERT [dbo].[Addresses] ([Id], [Line1], [Line2], [City], [State], [ZIP], [Type], [JobApp_Id]) VALUES (82, N'Address Line 1', N'', N'City', 1, N'00000', 0, NULL)
GO
INSERT [dbo].[Addresses] ([Id], [Line1], [Line2], [City], [State], [ZIP], [Type], [JobApp_Id]) VALUES (83, N'Address Line 1', N'', N'City', 1, N'00000', 0, NULL)
GO
INSERT [dbo].[Addresses] ([Id], [Line1], [Line2], [City], [State], [ZIP], [Type], [JobApp_Id]) VALUES (84, N'Address Line 1', N'', N'City', 1, N'00000', 1, 38)
GO
INSERT [dbo].[Addresses] ([Id], [Line1], [Line2], [City], [State], [ZIP], [Type], [JobApp_Id]) VALUES (85, N'Address Line 1', N'', N'City', 1, N'00000', 0, NULL)
GO
INSERT [dbo].[Addresses] ([Id], [Line1], [Line2], [City], [State], [ZIP], [Type], [JobApp_Id]) VALUES (86, N'Address Line 1', N'', N'City', 1, N'00000', 1, 39)
GO
INSERT [dbo].[Addresses] ([Id], [Line1], [Line2], [City], [State], [ZIP], [Type], [JobApp_Id]) VALUES (87, N'Address Line 1', N'', N'City', 1, N'00000', 0, NULL)
GO
INSERT [dbo].[Addresses] ([Id], [Line1], [Line2], [City], [State], [ZIP], [Type], [JobApp_Id]) VALUES (88, N'Address Line 1', N'', N'City', 1, N'00000', 1, 40)
GO
SET IDENTITY_INSERT [dbo].[Addresses] OFF
GO
INSERT [dbo].[AspNetRoles] ([Id], [Name]) VALUES (N'7d7e738c-074f-418c-8338-566ee03fd004', N'Admin')
GO
INSERT [dbo].[AspNetRoles] ([Id], [Name]) VALUES (N'd6cfa175-529a-4d9c-aeb0-2df64e531a10', N'Applicant')
GO
INSERT [dbo].[AspNetRoles] ([Id], [Name]) VALUES (N'62656346-3f51-4c4c-9497-8d5594c7b2a1', N'SuperUser')
GO
INSERT [dbo].[AspNetUserRoles] ([UserId], [RoleId]) VALUES (N'94a15272-7a07-43e3-a883-e71db3ca01e8', N'62656346-3f51-4c4c-9497-8d5594c7b2a1')
GO
INSERT [dbo].[AspNetUserRoles] ([UserId], [RoleId]) VALUES (N'7259d9c1-e072-48e7-8c8d-9635c7d7a63e', N'd6cfa175-529a-4d9c-aeb0-2df64e531a10')
GO
INSERT [dbo].[AspNetUsers] ([Id], [Branch], [Email], [EmailConfirmed], [PasswordHash], [SecurityStamp], [PhoneNumber], [PhoneNumberConfirmed], [TwoFactorEnabled], [LockoutEndDateUtc], [LockoutEnabled], [AccessFailedCount], [UserName]) VALUES (N'7259d9c1-e072-48e7-8c8d-9635c7d7a63e', 0, N'williamjwest@williamjwest.com', 0, N'AJQcoJmZoFblk8rQL4lGj7isspKQevr4bxVt/TFTwCxpxPXvYlYZnC4gKprDtgFkaA==', N'c4fddc2d-9297-418e-8b5b-7fc9c549ddfe', NULL, 0, 0, NULL, 1, 0, N'williamjwest@williamjwest.com')
GO
INSERT [dbo].[AspNetUsers] ([Id], [Branch], [Email], [EmailConfirmed], [PasswordHash], [SecurityStamp], [PhoneNumber], [PhoneNumberConfirmed], [TwoFactorEnabled], [LockoutEndDateUtc], [LockoutEnabled], [AccessFailedCount], [UserName]) VALUES (N'94a15272-7a07-43e3-a883-e71db3ca01e8', 0, N'patherizerator@pathmail.com', 0, N'APQAiePCIAInja3UohR1I8nR5DUTPKHH4ikX5meS78f6qv+WGnuoRtgGPcxoQoP1nw==', N'1b4d8ddd-775f-4ed0-bf22-049219aa7205', NULL, 0, 0, NULL, 0, 0, N'SuperUser')
GO
SET IDENTITY_INSERT [dbo].[Employments] ON 

GO
INSERT [dbo].[Employments] ([Id], [Current], [Employer], [JobTitle], [EmployerPhone], [StartPay], [EndPay], [PayRate], [StartDate], [EndDate], [Address_Id], [JobApp_Id]) VALUES (1, 0, N'Chicos F.A.S', N'Sales Lead', N'555-555-5555', CAST(0.00 AS Decimal(18, 2)), CAST(0.00 AS Decimal(18, 2)), 0, CAST(N'2018-02-12T09:42:08.620' AS DateTime), CAST(N'2018-02-12T09:42:08.620' AS DateTime), 1, NULL)
GO
INSERT [dbo].[Employments] ([Id], [Current], [Employer], [JobTitle], [EmployerPhone], [StartPay], [EndPay], [PayRate], [StartDate], [EndDate], [Address_Id], [JobApp_Id]) VALUES (3, 0, N'Chicos F.A.S', N'Sales Lead', N'555-555-5555', CAST(0.00 AS Decimal(18, 2)), CAST(0.00 AS Decimal(18, 2)), 0, CAST(N'2018-02-12T09:50:33.253' AS DateTime), CAST(N'2018-02-12T09:50:33.253' AS DateTime), 3, NULL)
GO
INSERT [dbo].[Employments] ([Id], [Current], [Employer], [JobTitle], [EmployerPhone], [StartPay], [EndPay], [PayRate], [StartDate], [EndDate], [Address_Id], [JobApp_Id]) VALUES (5, 0, N'Chicos F.A.S', N'Sales Lead', N'555-555-5555', CAST(0.00 AS Decimal(18, 2)), CAST(0.00 AS Decimal(18, 2)), 0, CAST(N'2018-02-13T11:43:21.940' AS DateTime), CAST(N'2018-02-13T11:43:21.940' AS DateTime), 5, NULL)
GO
INSERT [dbo].[Employments] ([Id], [Current], [Employer], [JobTitle], [EmployerPhone], [StartPay], [EndPay], [PayRate], [StartDate], [EndDate], [Address_Id], [JobApp_Id]) VALUES (7, 0, N'Chicos F.A.S', N'Sales Lead', N'555-555-5555', CAST(0.00 AS Decimal(18, 2)), CAST(0.00 AS Decimal(18, 2)), 0, CAST(N'2018-02-13T11:45:10.283' AS DateTime), CAST(N'2018-02-13T11:45:10.283' AS DateTime), 7, NULL)
GO
INSERT [dbo].[Employments] ([Id], [Current], [Employer], [JobTitle], [EmployerPhone], [StartPay], [EndPay], [PayRate], [StartDate], [EndDate], [Address_Id], [JobApp_Id]) VALUES (13, 0, N'Chicos F.A.S', N'Sales Lead', N'555-555-5555', CAST(0.00 AS Decimal(18, 2)), CAST(0.00 AS Decimal(18, 2)), 0, CAST(N'2018-02-14T10:45:46.683' AS DateTime), CAST(N'2018-02-14T10:45:46.683' AS DateTime), 13, NULL)
GO
INSERT [dbo].[Employments] ([Id], [Current], [Employer], [JobTitle], [EmployerPhone], [StartPay], [EndPay], [PayRate], [StartDate], [EndDate], [Address_Id], [JobApp_Id]) VALUES (15, 0, N'Chicos F.A.S', N'Sales Lead', N'555-555-5555', CAST(0.00 AS Decimal(18, 2)), CAST(0.00 AS Decimal(18, 2)), 0, CAST(N'2018-02-14T14:58:37.473' AS DateTime), CAST(N'2018-02-14T14:58:37.473' AS DateTime), 15, NULL)
GO
INSERT [dbo].[Employments] ([Id], [Current], [Employer], [JobTitle], [EmployerPhone], [StartPay], [EndPay], [PayRate], [StartDate], [EndDate], [Address_Id], [JobApp_Id]) VALUES (17, 0, N'Chicos F.A.S', N'Sales Lead', N'555-555-5555', CAST(0.00 AS Decimal(18, 2)), CAST(0.00 AS Decimal(18, 2)), 0, CAST(N'2018-02-15T08:49:02.150' AS DateTime), CAST(N'2018-02-15T08:49:02.150' AS DateTime), 21, NULL)
GO
INSERT [dbo].[Employments] ([Id], [Current], [Employer], [JobTitle], [EmployerPhone], [StartPay], [EndPay], [PayRate], [StartDate], [EndDate], [Address_Id], [JobApp_Id]) VALUES (20, 0, N'Chicos F.A.S', N'Sales Lead', N'555-555-5555', CAST(0.00 AS Decimal(18, 2)), CAST(0.00 AS Decimal(18, 2)), 0, CAST(N'2018-02-15T09:55:52.697' AS DateTime), CAST(N'2018-02-15T09:55:52.697' AS DateTime), 24, NULL)
GO
INSERT [dbo].[Employments] ([Id], [Current], [Employer], [JobTitle], [EmployerPhone], [StartPay], [EndPay], [PayRate], [StartDate], [EndDate], [Address_Id], [JobApp_Id]) VALUES (26, 0, N'Chicos F.A.S', N'Sales Lead', N'555-555-5555', CAST(0.00 AS Decimal(18, 2)), CAST(0.00 AS Decimal(18, 2)), 0, CAST(N'2018-02-15T13:22:06.457' AS DateTime), CAST(N'2018-02-15T13:22:06.457' AS DateTime), 30, NULL)
GO
INSERT [dbo].[Employments] ([Id], [Current], [Employer], [JobTitle], [EmployerPhone], [StartPay], [EndPay], [PayRate], [StartDate], [EndDate], [Address_Id], [JobApp_Id]) VALUES (27, 0, N'Chicos F.A.S', N'Sales Lead', N'555-555-5555', CAST(0.00 AS Decimal(18, 2)), CAST(0.00 AS Decimal(18, 2)), 0, CAST(N'2018-02-15T13:22:10.143' AS DateTime), CAST(N'2018-02-15T13:22:10.143' AS DateTime), 31, NULL)
GO
INSERT [dbo].[Employments] ([Id], [Current], [Employer], [JobTitle], [EmployerPhone], [StartPay], [EndPay], [PayRate], [StartDate], [EndDate], [Address_Id], [JobApp_Id]) VALUES (29, 0, N'Chicos F.A.S', N'Sales Lead', N'555-555-5555', CAST(0.00 AS Decimal(18, 2)), CAST(0.00 AS Decimal(18, 2)), 0, CAST(N'2018-03-07T16:34:10.363' AS DateTime), CAST(N'2018-03-07T16:34:10.363' AS DateTime), 33, NULL)
GO
INSERT [dbo].[Employments] ([Id], [Current], [Employer], [JobTitle], [EmployerPhone], [StartPay], [EndPay], [PayRate], [StartDate], [EndDate], [Address_Id], [JobApp_Id]) VALUES (30, 0, N'Covalence', N'Dog Trainer', N'555-555-5555', CAST(0.00 AS Decimal(18, 2)), CAST(0.00 AS Decimal(18, 2)), 0, CAST(N'2018-03-12T10:07:51.333' AS DateTime), CAST(N'2018-03-12T10:07:51.333' AS DateTime), 35, NULL)
GO
INSERT [dbo].[Employments] ([Id], [Current], [Employer], [JobTitle], [EmployerPhone], [StartPay], [EndPay], [PayRate], [StartDate], [EndDate], [Address_Id], [JobApp_Id]) VALUES (32, 0, N'Covalence', N'Dog Trainer', N'555-555-5555', CAST(0.00 AS Decimal(18, 2)), CAST(0.00 AS Decimal(18, 2)), 0, CAST(N'2018-03-12T11:01:23.260' AS DateTime), CAST(N'2018-03-12T11:01:23.260' AS DateTime), 37, NULL)
GO
INSERT [dbo].[Employments] ([Id], [Current], [Employer], [JobTitle], [EmployerPhone], [StartPay], [EndPay], [PayRate], [StartDate], [EndDate], [Address_Id], [JobApp_Id]) VALUES (34, 0, N'Covalence', N'Dog Trainer', N'555-555-5555', CAST(0.00 AS Decimal(18, 2)), CAST(0.00 AS Decimal(18, 2)), 0, CAST(N'2018-03-12T13:38:19.920' AS DateTime), CAST(N'2018-03-12T13:38:19.920' AS DateTime), 39, NULL)
GO
INSERT [dbo].[Employments] ([Id], [Current], [Employer], [JobTitle], [EmployerPhone], [StartPay], [EndPay], [PayRate], [StartDate], [EndDate], [Address_Id], [JobApp_Id]) VALUES (36, 0, N'Covalence', N'Dog Trainer', N'555-555-5555', CAST(0.00 AS Decimal(18, 2)), CAST(0.00 AS Decimal(18, 2)), 0, CAST(N'2018-03-12T13:53:11.183' AS DateTime), CAST(N'2018-03-12T13:53:11.183' AS DateTime), 41, NULL)
GO
INSERT [dbo].[Employments] ([Id], [Current], [Employer], [JobTitle], [EmployerPhone], [StartPay], [EndPay], [PayRate], [StartDate], [EndDate], [Address_Id], [JobApp_Id]) VALUES (38, 0, N'Covalence', N'Dog Trainer', N'555-555-5555', CAST(0.00 AS Decimal(18, 2)), CAST(0.00 AS Decimal(18, 2)), 0, CAST(N'2018-03-12T14:03:55.600' AS DateTime), CAST(N'2018-03-12T14:03:55.600' AS DateTime), 45, NULL)
GO
INSERT [dbo].[Employments] ([Id], [Current], [Employer], [JobTitle], [EmployerPhone], [StartPay], [EndPay], [PayRate], [StartDate], [EndDate], [Address_Id], [JobApp_Id]) VALUES (40, 0, N'Covalence', N'Dog Trainer', N'555-555-5555', CAST(0.00 AS Decimal(18, 2)), CAST(0.00 AS Decimal(18, 2)), 0, CAST(N'2018-03-12T14:08:01.840' AS DateTime), CAST(N'2018-03-12T14:08:01.840' AS DateTime), 48, NULL)
GO
INSERT [dbo].[Employments] ([Id], [Current], [Employer], [JobTitle], [EmployerPhone], [StartPay], [EndPay], [PayRate], [StartDate], [EndDate], [Address_Id], [JobApp_Id]) VALUES (42, 0, N'Covalence', N'Dog Trainer', N'555-555-5555', CAST(0.00 AS Decimal(18, 2)), CAST(0.00 AS Decimal(18, 2)), 0, CAST(N'2018-03-12T14:44:22.780' AS DateTime), CAST(N'2018-03-12T14:44:22.780' AS DateTime), 50, NULL)
GO
INSERT [dbo].[Employments] ([Id], [Current], [Employer], [JobTitle], [EmployerPhone], [StartPay], [EndPay], [PayRate], [StartDate], [EndDate], [Address_Id], [JobApp_Id]) VALUES (44, 0, N'Covalence', N'Dog Trainer', N'555-555-5555', CAST(0.00 AS Decimal(18, 2)), CAST(0.00 AS Decimal(18, 2)), 0, CAST(N'2018-03-12T14:47:12.763' AS DateTime), CAST(N'2018-03-12T14:47:12.763' AS DateTime), 52, NULL)
GO
INSERT [dbo].[Employments] ([Id], [Current], [Employer], [JobTitle], [EmployerPhone], [StartPay], [EndPay], [PayRate], [StartDate], [EndDate], [Address_Id], [JobApp_Id]) VALUES (46, 0, N'Covalence', N'Dog Trainer', N'555-555-5555', CAST(0.00 AS Decimal(18, 2)), CAST(0.00 AS Decimal(18, 2)), 0, CAST(N'2018-03-12T14:56:10.330' AS DateTime), CAST(N'2018-03-12T14:56:10.330' AS DateTime), 54, NULL)
GO
INSERT [dbo].[Employments] ([Id], [Current], [Employer], [JobTitle], [EmployerPhone], [StartPay], [EndPay], [PayRate], [StartDate], [EndDate], [Address_Id], [JobApp_Id]) VALUES (48, 0, N'Covalence', N'Dog Trainer', N'555-555-5555', CAST(0.00 AS Decimal(18, 2)), CAST(0.00 AS Decimal(18, 2)), 0, CAST(N'2018-03-12T15:14:47.360' AS DateTime), CAST(N'2018-03-12T15:14:47.360' AS DateTime), 56, NULL)
GO
INSERT [dbo].[Employments] ([Id], [Current], [Employer], [JobTitle], [EmployerPhone], [StartPay], [EndPay], [PayRate], [StartDate], [EndDate], [Address_Id], [JobApp_Id]) VALUES (50, 0, N'Covalence', N'Dog Trainer', N'555-555-5555', CAST(0.00 AS Decimal(18, 2)), CAST(0.00 AS Decimal(18, 2)), 0, CAST(N'2018-03-12T15:26:12.620' AS DateTime), CAST(N'2018-03-12T15:26:12.620' AS DateTime), 58, NULL)
GO
INSERT [dbo].[Employments] ([Id], [Current], [Employer], [JobTitle], [EmployerPhone], [StartPay], [EndPay], [PayRate], [StartDate], [EndDate], [Address_Id], [JobApp_Id]) VALUES (52, 0, N'Covalence', N'Dog Trainer', N'555-555-5555', CAST(0.00 AS Decimal(18, 2)), CAST(0.00 AS Decimal(18, 2)), 0, CAST(N'2018-03-12T15:46:56.390' AS DateTime), CAST(N'2018-03-12T15:46:56.390' AS DateTime), 60, NULL)
GO
INSERT [dbo].[Employments] ([Id], [Current], [Employer], [JobTitle], [EmployerPhone], [StartPay], [EndPay], [PayRate], [StartDate], [EndDate], [Address_Id], [JobApp_Id]) VALUES (54, 0, N'Covalence', N'Dog Trainer', N'555-555-5555', CAST(0.00 AS Decimal(18, 2)), CAST(0.00 AS Decimal(18, 2)), 0, CAST(N'2018-03-12T16:29:25.643' AS DateTime), CAST(N'2018-03-12T16:29:25.643' AS DateTime), 62, NULL)
GO
INSERT [dbo].[Employments] ([Id], [Current], [Employer], [JobTitle], [EmployerPhone], [StartPay], [EndPay], [PayRate], [StartDate], [EndDate], [Address_Id], [JobApp_Id]) VALUES (55, 0, N'Covalence', N'Dog Trainer', N'555-555-5555', CAST(0.00 AS Decimal(18, 2)), CAST(0.00 AS Decimal(18, 2)), 0, CAST(N'2018-03-12T16:34:54.153' AS DateTime), CAST(N'2018-03-12T16:34:54.153' AS DateTime), 63, NULL)
GO
INSERT [dbo].[Employments] ([Id], [Current], [Employer], [JobTitle], [EmployerPhone], [StartPay], [EndPay], [PayRate], [StartDate], [EndDate], [Address_Id], [JobApp_Id]) VALUES (56, 0, N'Covalence', N'Dog Trainer', N'555-555-5555', CAST(0.00 AS Decimal(18, 2)), CAST(0.00 AS Decimal(18, 2)), 0, CAST(N'2018-03-12T16:36:49.790' AS DateTime), CAST(N'2018-03-12T16:36:49.790' AS DateTime), 64, NULL)
GO
INSERT [dbo].[Employments] ([Id], [Current], [Employer], [JobTitle], [EmployerPhone], [StartPay], [EndPay], [PayRate], [StartDate], [EndDate], [Address_Id], [JobApp_Id]) VALUES (58, 0, N'Covalence', N'Dog Trainer', N'555-555-5555', CAST(0.00 AS Decimal(18, 2)), CAST(0.00 AS Decimal(18, 2)), 0, CAST(N'2018-03-12T16:49:05.077' AS DateTime), CAST(N'2018-03-12T16:49:05.077' AS DateTime), 66, NULL)
GO
INSERT [dbo].[Employments] ([Id], [Current], [Employer], [JobTitle], [EmployerPhone], [StartPay], [EndPay], [PayRate], [StartDate], [EndDate], [Address_Id], [JobApp_Id]) VALUES (60, 0, N'Covalence', N'Dog Trainer', N'555-555-5555', CAST(0.00 AS Decimal(18, 2)), CAST(0.00 AS Decimal(18, 2)), 0, CAST(N'2018-03-12T17:31:23.140' AS DateTime), CAST(N'2018-03-12T17:31:23.140' AS DateTime), 68, NULL)
GO
INSERT [dbo].[Employments] ([Id], [Current], [Employer], [JobTitle], [EmployerPhone], [StartPay], [EndPay], [PayRate], [StartDate], [EndDate], [Address_Id], [JobApp_Id]) VALUES (61, 0, N'Covalence', N'Dog Trainer', N'555-555-5555', CAST(0.00 AS Decimal(18, 2)), CAST(0.00 AS Decimal(18, 2)), 0, CAST(N'2018-03-12T17:31:29.017' AS DateTime), CAST(N'2018-03-12T17:31:29.017' AS DateTime), 69, 35)
GO
INSERT [dbo].[Employments] ([Id], [Current], [Employer], [JobTitle], [EmployerPhone], [StartPay], [EndPay], [PayRate], [StartDate], [EndDate], [Address_Id], [JobApp_Id]) VALUES (62, 0, N'Covalence', N'Dog Trainer', N'555-555-5555', CAST(0.00 AS Decimal(18, 2)), CAST(0.00 AS Decimal(18, 2)), 0, CAST(N'2018-03-12T18:01:01.097' AS DateTime), CAST(N'2018-03-12T18:01:01.097' AS DateTime), 75, NULL)
GO
INSERT [dbo].[Employments] ([Id], [Current], [Employer], [JobTitle], [EmployerPhone], [StartPay], [EndPay], [PayRate], [StartDate], [EndDate], [Address_Id], [JobApp_Id]) VALUES (63, 0, N'Covalence', N'Dog Trainer', N'555-555-5555', CAST(0.00 AS Decimal(18, 2)), CAST(0.00 AS Decimal(18, 2)), 0, CAST(N'2018-03-12T18:03:12.193' AS DateTime), CAST(N'2018-03-12T18:03:12.193' AS DateTime), 76, 36)
GO
INSERT [dbo].[Employments] ([Id], [Current], [Employer], [JobTitle], [EmployerPhone], [StartPay], [EndPay], [PayRate], [StartDate], [EndDate], [Address_Id], [JobApp_Id]) VALUES (64, 0, N'Covalence', N'Dog Trainer', N'555-555-5555', CAST(0.00 AS Decimal(18, 2)), CAST(0.00 AS Decimal(18, 2)), 0, CAST(N'2018-03-13T08:15:27.870' AS DateTime), CAST(N'2018-03-13T08:15:27.873' AS DateTime), 79, NULL)
GO
INSERT [dbo].[Employments] ([Id], [Current], [Employer], [JobTitle], [EmployerPhone], [StartPay], [EndPay], [PayRate], [StartDate], [EndDate], [Address_Id], [JobApp_Id]) VALUES (65, 0, N'Covalence', N'Dog Trainer', N'555-555-5555', CAST(0.00 AS Decimal(18, 2)), CAST(0.00 AS Decimal(18, 2)), 0, CAST(N'2018-03-13T08:15:33.040' AS DateTime), CAST(N'2018-03-13T08:15:33.040' AS DateTime), 80, 37)
GO
INSERT [dbo].[Employments] ([Id], [Current], [Employer], [JobTitle], [EmployerPhone], [StartPay], [EndPay], [PayRate], [StartDate], [EndDate], [Address_Id], [JobApp_Id]) VALUES (66, 0, N'Covalence', N'Dog Trainer', N'555-555-5555', CAST(0.00 AS Decimal(18, 2)), CAST(0.00 AS Decimal(18, 2)), 0, CAST(N'2018-03-13T09:01:17.737' AS DateTime), CAST(N'2018-03-13T09:01:17.737' AS DateTime), 83, NULL)
GO
INSERT [dbo].[Employments] ([Id], [Current], [Employer], [JobTitle], [EmployerPhone], [StartPay], [EndPay], [PayRate], [StartDate], [EndDate], [Address_Id], [JobApp_Id]) VALUES (67, 1, N'Covalence', N'Dog Trainer', N'555-555-5555', CAST(0.00 AS Decimal(18, 2)), CAST(0.00 AS Decimal(18, 2)), 0, CAST(N'2018-03-13T09:02:07.000' AS DateTime), CAST(N'2018-03-13T09:02:07.000' AS DateTime), 84, 38)
GO
INSERT [dbo].[Employments] ([Id], [Current], [Employer], [JobTitle], [EmployerPhone], [StartPay], [EndPay], [PayRate], [StartDate], [EndDate], [Address_Id], [JobApp_Id]) VALUES (68, 0, N'Covalence', N'Dog Trainer', N'555-555-5555', CAST(0.00 AS Decimal(18, 2)), CAST(0.00 AS Decimal(18, 2)), 0, CAST(N'2018-03-13T10:01:18.283' AS DateTime), CAST(N'2018-03-13T10:01:18.283' AS DateTime), 85, NULL)
GO
INSERT [dbo].[Employments] ([Id], [Current], [Employer], [JobTitle], [EmployerPhone], [StartPay], [EndPay], [PayRate], [StartDate], [EndDate], [Address_Id], [JobApp_Id]) VALUES (69, 0, N'Covalence', N'Dog Trainer', N'555-555-5555', CAST(0.00 AS Decimal(18, 2)), CAST(0.00 AS Decimal(18, 2)), 0, CAST(N'2018-03-13T10:01:27.110' AS DateTime), CAST(N'2018-03-13T10:01:27.110' AS DateTime), 86, 39)
GO
INSERT [dbo].[Employments] ([Id], [Current], [Employer], [JobTitle], [EmployerPhone], [StartPay], [EndPay], [PayRate], [StartDate], [EndDate], [Address_Id], [JobApp_Id]) VALUES (70, 0, N'Covalence', N'Dog Trainer', N'555-555-5555', CAST(0.00 AS Decimal(18, 2)), CAST(0.00 AS Decimal(18, 2)), 0, CAST(N'2018-03-13T10:04:45.383' AS DateTime), CAST(N'2018-03-13T10:04:45.383' AS DateTime), 87, NULL)
GO
INSERT [dbo].[Employments] ([Id], [Current], [Employer], [JobTitle], [EmployerPhone], [StartPay], [EndPay], [PayRate], [StartDate], [EndDate], [Address_Id], [JobApp_Id]) VALUES (71, 0, N'Covalence', N'Dog Trainer', N'555-555-5555', CAST(0.00 AS Decimal(18, 2)), CAST(0.00 AS Decimal(18, 2)), 0, CAST(N'2018-03-13T10:04:51.047' AS DateTime), CAST(N'2018-03-13T10:04:51.047' AS DateTime), 88, 40)
GO
SET IDENTITY_INSERT [dbo].[Employments] OFF
GO
SET IDENTITY_INSERT [dbo].[JobApps] ON 

GO
INSERT [dbo].[JobApps] ([Id], [Position], [FName], [LName], [MName], [Email], [PrimaryPhone], [PPhoneIsMobile], [SecondaryPhone], [SPhoneIsMobile], [CanRelocate], [DateAvailable], [DateEntered], [AuthorizedToWork], [DrugScreen], [Military], [MilBranch], [Conviction], [Explanation], [Signature], [About], [Resume], [CPABScore], [PTScore], [Assignment], [Status], [Source], [EmployeeType], [LastEdit], [Branch], [Applicant_Id]) VALUES (35, 0, N'Greg', N'Carver', NULL, N'gregory.carver13@gmail.com', N'845-608-4783', 0, NULL, 0, 0, CAST(N'2018-03-12T17:31:23.000' AS DateTime), CAST(N'2018-03-12T17:31:23.000' AS DateTime), 0, 0, 0, 0, 0, NULL, NULL, NULL, N'GC+Resume.docx', 0, 0, NULL, 0, 0, 0, CAST(N'2018-03-12T17:31:23.000' AS DateTime), 0, N'7259d9c1-e072-48e7-8c8d-9635c7d7a63e')
GO
INSERT [dbo].[JobApps] ([Id], [Position], [FName], [LName], [MName], [Email], [PrimaryPhone], [PPhoneIsMobile], [SecondaryPhone], [SPhoneIsMobile], [CanRelocate], [DateAvailable], [DateEntered], [AuthorizedToWork], [DrugScreen], [Military], [MilBranch], [Conviction], [Explanation], [Signature], [About], [Resume], [CPABScore], [PTScore], [Assignment], [Status], [Source], [EmployeeType], [LastEdit], [Branch], [Applicant_Id]) VALUES (36, 7, N'Greg', N'Carver', NULL, N'gregory.carver13@gmail.com', N'845-608-4783', 1, NULL, 0, 1, CAST(N'2018-03-19T08:00:00.000' AS DateTime), CAST(N'2018-03-12T18:01:01.000' AS DateTime), 1, 1, 0, 0, 0, NULL, NULL, N'I have recently completed a similar bootcamp.  I have the skills to be an asset to your company.  ', N'GC+Resume.docx', 0, 0, NULL, 0, 0, 0, CAST(N'2018-03-12T18:01:01.000' AS DateTime), 0, N'7259d9c1-e072-48e7-8c8d-9635c7d7a63e')
GO
INSERT [dbo].[JobApps] ([Id], [Position], [FName], [LName], [MName], [Email], [PrimaryPhone], [PPhoneIsMobile], [SecondaryPhone], [SPhoneIsMobile], [CanRelocate], [DateAvailable], [DateEntered], [AuthorizedToWork], [DrugScreen], [Military], [MilBranch], [Conviction], [Explanation], [Signature], [About], [Resume], [CPABScore], [PTScore], [Assignment], [Status], [Source], [EmployeeType], [LastEdit], [Branch], [Applicant_Id]) VALUES (37, 0, N'Greg', N'Carver', NULL, N'gregory.carver13@gmail.com', N'845-608-4783', 0, NULL, 0, 0, CAST(N'2018-03-13T08:15:27.000' AS DateTime), CAST(N'2018-03-13T08:15:29.000' AS DateTime), 0, 0, 0, 0, 0, NULL, NULL, NULL, N'GC+Resume.docx', 0, 0, NULL, 0, 0, 0, CAST(N'2018-03-13T08:15:29.000' AS DateTime), 0, N'7259d9c1-e072-48e7-8c8d-9635c7d7a63e')
GO
INSERT [dbo].[JobApps] ([Id], [Position], [FName], [LName], [MName], [Email], [PrimaryPhone], [PPhoneIsMobile], [SecondaryPhone], [SPhoneIsMobile], [CanRelocate], [DateAvailable], [DateEntered], [AuthorizedToWork], [DrugScreen], [Military], [MilBranch], [Conviction], [Explanation], [Signature], [About], [Resume], [CPABScore], [PTScore], [Assignment], [Status], [Source], [EmployeeType], [LastEdit], [Branch], [Applicant_Id]) VALUES (38, 0, N'Greg', N'Carver', NULL, N'gregory.carver13@gmail.com', N'845-608-4783', 1, NULL, 0, 0, CAST(N'2018-03-13T09:01:17.000' AS DateTime), CAST(N'2018-03-13T09:01:17.000' AS DateTime), 1, 1, 0, 0, 0, NULL, NULL, N'I had a good understanding of Object Oriented Programming Languages. ', N'GC+Resume.docx', 0, 0, NULL, 0, 0, 0, CAST(N'2018-03-13T09:01:17.000' AS DateTime), 0, N'7259d9c1-e072-48e7-8c8d-9635c7d7a63e')
GO
INSERT [dbo].[JobApps] ([Id], [Position], [FName], [LName], [MName], [Email], [PrimaryPhone], [PPhoneIsMobile], [SecondaryPhone], [SPhoneIsMobile], [CanRelocate], [DateAvailable], [DateEntered], [AuthorizedToWork], [DrugScreen], [Military], [MilBranch], [Conviction], [Explanation], [Signature], [About], [Resume], [CPABScore], [PTScore], [Assignment], [Status], [Source], [EmployeeType], [LastEdit], [Branch], [Applicant_Id]) VALUES (39, 0, N'Greg', N'Carver', NULL, N'gregory.carver13@gmail.com', N'845-608-4783', 0, NULL, 0, 0, CAST(N'2018-03-13T10:01:18.000' AS DateTime), CAST(N'2018-03-13T10:01:19.000' AS DateTime), 0, 0, 0, 0, 0, NULL, NULL, NULL, N'GC+Resume.docx', 0, 0, NULL, 0, 0, 0, CAST(N'2018-03-13T10:01:19.000' AS DateTime), 0, N'7259d9c1-e072-48e7-8c8d-9635c7d7a63e')
GO
INSERT [dbo].[JobApps] ([Id], [Position], [FName], [LName], [MName], [Email], [PrimaryPhone], [PPhoneIsMobile], [SecondaryPhone], [SPhoneIsMobile], [CanRelocate], [DateAvailable], [DateEntered], [AuthorizedToWork], [DrugScreen], [Military], [MilBranch], [Conviction], [Explanation], [Signature], [About], [Resume], [CPABScore], [PTScore], [Assignment], [Status], [Source], [EmployeeType], [LastEdit], [Branch], [Applicant_Id]) VALUES (40, 0, N'Greg', N'Carver', NULL, N'gregory.carver13@gmail.com', N'845-608-4783', 0, NULL, 0, 0, CAST(N'2018-03-13T10:04:45.000' AS DateTime), CAST(N'2018-03-13T10:04:45.000' AS DateTime), 0, 0, 0, 0, 0, NULL, NULL, NULL, N'GC+Resume.docx', 0, 0, NULL, 0, 0, 0, CAST(N'2018-03-13T10:04:45.000' AS DateTime), 0, N'7259d9c1-e072-48e7-8c8d-9635c7d7a63e')
GO
SET IDENTITY_INSERT [dbo].[JobApps] OFF
GO
SET IDENTITY_INSERT [dbo].[References] ON 

GO
INSERT [dbo].[References] ([Id], [Name], [Title], [Company], [Phone], [JobApp_Id]) VALUES (1, N'Robin Adair', N'CEO', N'Aliant Bank', N'256-329-7400', NULL)
GO
INSERT [dbo].[References] ([Id], [Name], [Title], [Company], [Phone], [JobApp_Id]) VALUES (2, N'Robin Adair', N'CEO', N'Aliant Bank', N'256-329-7400', NULL)
GO
INSERT [dbo].[References] ([Id], [Name], [Title], [Company], [Phone], [JobApp_Id]) VALUES (3, N'Robin Adair', N'CEO', N'Aliant Bank', N'256-329-7400', NULL)
GO
INSERT [dbo].[References] ([Id], [Name], [Title], [Company], [Phone], [JobApp_Id]) VALUES (4, N'Robin Adair', N'CEO', N'Aliant Bank', N'256-329-7400', NULL)
GO
INSERT [dbo].[References] ([Id], [Name], [Title], [Company], [Phone], [JobApp_Id]) VALUES (5, N'William West', N'CEO', N'Westco Industries', N'555-555-5555', NULL)
GO
INSERT [dbo].[References] ([Id], [Name], [Title], [Company], [Phone], [JobApp_Id]) VALUES (6, N'Willliam West', N'CEO', N'AWLD', N'555-5555', NULL)
GO
SET IDENTITY_INSERT [dbo].[References] OFF
GO
CREATE NONCLUSTERED INDEX [IX_JobApp_Id] ON [dbo].[Addresses]
(
	[JobApp_Id] ASC
)WITH (PAD_INDEX = OFF, STATISTICS_NORECOMPUTE = OFF, SORT_IN_TEMPDB = OFF, DROP_EXISTING = OFF, ONLINE = OFF, ALLOW_ROW_LOCKS = ON, ALLOW_PAGE_LOCKS = ON)
GO
SET ANSI_PADDING ON

GO
CREATE UNIQUE NONCLUSTERED INDEX [RoleNameIndex] ON [dbo].[AspNetRoles]
(
	[Name] ASC
)WITH (PAD_INDEX = OFF, STATISTICS_NORECOMPUTE = OFF, SORT_IN_TEMPDB = OFF, IGNORE_DUP_KEY = OFF, DROP_EXISTING = OFF, ONLINE = OFF, ALLOW_ROW_LOCKS = ON, ALLOW_PAGE_LOCKS = ON)
GO
SET ANSI_PADDING ON

GO
CREATE NONCLUSTERED INDEX [IX_UserId] ON [dbo].[AspNetUserClaims]
(
	[UserId] ASC
)WITH (PAD_INDEX = OFF, STATISTICS_NORECOMPUTE = OFF, SORT_IN_TEMPDB = OFF, DROP_EXISTING = OFF, ONLINE = OFF, ALLOW_ROW_LOCKS = ON, ALLOW_PAGE_LOCKS = ON)
GO
SET ANSI_PADDING ON

GO
CREATE NONCLUSTERED INDEX [IX_UserId] ON [dbo].[AspNetUserLogins]
(
	[UserId] ASC
)WITH (PAD_INDEX = OFF, STATISTICS_NORECOMPUTE = OFF, SORT_IN_TEMPDB = OFF, DROP_EXISTING = OFF, ONLINE = OFF, ALLOW_ROW_LOCKS = ON, ALLOW_PAGE_LOCKS = ON)
GO
SET ANSI_PADDING ON

GO
CREATE NONCLUSTERED INDEX [IX_RoleId] ON [dbo].[AspNetUserRoles]
(
	[RoleId] ASC
)WITH (PAD_INDEX = OFF, STATISTICS_NORECOMPUTE = OFF, SORT_IN_TEMPDB = OFF, DROP_EXISTING = OFF, ONLINE = OFF, ALLOW_ROW_LOCKS = ON, ALLOW_PAGE_LOCKS = ON)
GO
SET ANSI_PADDING ON

GO
CREATE NONCLUSTERED INDEX [IX_UserId] ON [dbo].[AspNetUserRoles]
(
	[UserId] ASC
)WITH (PAD_INDEX = OFF, STATISTICS_NORECOMPUTE = OFF, SORT_IN_TEMPDB = OFF, DROP_EXISTING = OFF, ONLINE = OFF, ALLOW_ROW_LOCKS = ON, ALLOW_PAGE_LOCKS = ON)
GO
SET ANSI_PADDING ON

GO
CREATE UNIQUE NONCLUSTERED INDEX [UserNameIndex] ON [dbo].[AspNetUsers]
(
	[UserName] ASC
)WITH (PAD_INDEX = OFF, STATISTICS_NORECOMPUTE = OFF, SORT_IN_TEMPDB = OFF, IGNORE_DUP_KEY = OFF, DROP_EXISTING = OFF, ONLINE = OFF, ALLOW_ROW_LOCKS = ON, ALLOW_PAGE_LOCKS = ON)
GO
SET ANSI_PADDING ON

GO
CREATE NONCLUSTERED INDEX [IX_Author_Id] ON [dbo].[Comments]
(
	[Author_Id] ASC
)WITH (PAD_INDEX = OFF, STATISTICS_NORECOMPUTE = OFF, SORT_IN_TEMPDB = OFF, DROP_EXISTING = OFF, ONLINE = OFF, ALLOW_ROW_LOCKS = ON, ALLOW_PAGE_LOCKS = ON)
GO
CREATE NONCLUSTERED INDEX [IX_JobApp_Id] ON [dbo].[Comments]
(
	[JobApp_Id] ASC
)WITH (PAD_INDEX = OFF, STATISTICS_NORECOMPUTE = OFF, SORT_IN_TEMPDB = OFF, DROP_EXISTING = OFF, ONLINE = OFF, ALLOW_ROW_LOCKS = ON, ALLOW_PAGE_LOCKS = ON)
GO
CREATE NONCLUSTERED INDEX [IX_JobApp_Id] ON [dbo].[Educations]
(
	[JobApp_Id] ASC
)WITH (PAD_INDEX = OFF, STATISTICS_NORECOMPUTE = OFF, SORT_IN_TEMPDB = OFF, DROP_EXISTING = OFF, ONLINE = OFF, ALLOW_ROW_LOCKS = ON, ALLOW_PAGE_LOCKS = ON)
GO
CREATE NONCLUSTERED INDEX [IX_Location_Id] ON [dbo].[Educations]
(
	[Location_Id] ASC
)WITH (PAD_INDEX = OFF, STATISTICS_NORECOMPUTE = OFF, SORT_IN_TEMPDB = OFF, DROP_EXISTING = OFF, ONLINE = OFF, ALLOW_ROW_LOCKS = ON, ALLOW_PAGE_LOCKS = ON)
GO
CREATE NONCLUSTERED INDEX [IX_Address_Id] ON [dbo].[Employments]
(
	[Address_Id] ASC
)WITH (PAD_INDEX = OFF, STATISTICS_NORECOMPUTE = OFF, SORT_IN_TEMPDB = OFF, DROP_EXISTING = OFF, ONLINE = OFF, ALLOW_ROW_LOCKS = ON, ALLOW_PAGE_LOCKS = ON)
GO
CREATE NONCLUSTERED INDEX [IX_JobApp_Id] ON [dbo].[Employments]
(
	[JobApp_Id] ASC
)WITH (PAD_INDEX = OFF, STATISTICS_NORECOMPUTE = OFF, SORT_IN_TEMPDB = OFF, DROP_EXISTING = OFF, ONLINE = OFF, ALLOW_ROW_LOCKS = ON, ALLOW_PAGE_LOCKS = ON)
GO
SET ANSI_PADDING ON

GO
CREATE NONCLUSTERED INDEX [IX_Applicant_Id] ON [dbo].[JobApps]
(
	[Applicant_Id] ASC
)WITH (PAD_INDEX = OFF, STATISTICS_NORECOMPUTE = OFF, SORT_IN_TEMPDB = OFF, DROP_EXISTING = OFF, ONLINE = OFF, ALLOW_ROW_LOCKS = ON, ALLOW_PAGE_LOCKS = ON)
GO
CREATE NONCLUSTERED INDEX [IX_JobApp_Id] ON [dbo].[References]
(
	[JobApp_Id] ASC
)WITH (PAD_INDEX = OFF, STATISTICS_NORECOMPUTE = OFF, SORT_IN_TEMPDB = OFF, DROP_EXISTING = OFF, ONLINE = OFF, ALLOW_ROW_LOCKS = ON, ALLOW_PAGE_LOCKS = ON)
GO
CREATE NONCLUSTERED INDEX [IX_JobApp_Id] ON [dbo].[Skills]
(
	[JobApp_Id] ASC
)WITH (PAD_INDEX = OFF, STATISTICS_NORECOMPUTE = OFF, SORT_IN_TEMPDB = OFF, DROP_EXISTING = OFF, ONLINE = OFF, ALLOW_ROW_LOCKS = ON, ALLOW_PAGE_LOCKS = ON)
GO
CREATE NONCLUSTERED INDEX [IX_Technology_Id] ON [dbo].[Skills]
(
	[Technology_Id] ASC
)WITH (PAD_INDEX = OFF, STATISTICS_NORECOMPUTE = OFF, SORT_IN_TEMPDB = OFF, DROP_EXISTING = OFF, ONLINE = OFF, ALLOW_ROW_LOCKS = ON, ALLOW_PAGE_LOCKS = ON)
GO
ALTER TABLE [dbo].[Addresses]  WITH CHECK ADD  CONSTRAINT [FK_dbo.Addresses_dbo.JobApps_JobApp_Id] FOREIGN KEY([JobApp_Id])
REFERENCES [dbo].[JobApps] ([Id])
GO
ALTER TABLE [dbo].[Addresses] CHECK CONSTRAINT [FK_dbo.Addresses_dbo.JobApps_JobApp_Id]
GO
ALTER TABLE [dbo].[AspNetUserClaims]  WITH CHECK ADD  CONSTRAINT [FK_dbo.AspNetUserClaims_dbo.AspNetUsers_UserId] FOREIGN KEY([UserId])
REFERENCES [dbo].[AspNetUsers] ([Id])
ON DELETE CASCADE
GO
ALTER TABLE [dbo].[AspNetUserClaims] CHECK CONSTRAINT [FK_dbo.AspNetUserClaims_dbo.AspNetUsers_UserId]
GO
ALTER TABLE [dbo].[AspNetUserLogins]  WITH CHECK ADD  CONSTRAINT [FK_dbo.AspNetUserLogins_dbo.AspNetUsers_UserId] FOREIGN KEY([UserId])
REFERENCES [dbo].[AspNetUsers] ([Id])
ON DELETE CASCADE
GO
ALTER TABLE [dbo].[AspNetUserLogins] CHECK CONSTRAINT [FK_dbo.AspNetUserLogins_dbo.AspNetUsers_UserId]
GO
ALTER TABLE [dbo].[AspNetUserRoles]  WITH CHECK ADD  CONSTRAINT [FK_dbo.AspNetUserRoles_dbo.AspNetRoles_RoleId] FOREIGN KEY([RoleId])
REFERENCES [dbo].[AspNetRoles] ([Id])
ON DELETE CASCADE
GO
ALTER TABLE [dbo].[AspNetUserRoles] CHECK CONSTRAINT [FK_dbo.AspNetUserRoles_dbo.AspNetRoles_RoleId]
GO
ALTER TABLE [dbo].[AspNetUserRoles]  WITH CHECK ADD  CONSTRAINT [FK_dbo.AspNetUserRoles_dbo.AspNetUsers_UserId] FOREIGN KEY([UserId])
REFERENCES [dbo].[AspNetUsers] ([Id])
ON DELETE CASCADE
GO
ALTER TABLE [dbo].[AspNetUserRoles] CHECK CONSTRAINT [FK_dbo.AspNetUserRoles_dbo.AspNetUsers_UserId]
GO
ALTER TABLE [dbo].[Comments]  WITH CHECK ADD  CONSTRAINT [FK_dbo.Comments_dbo.AspNetUsers_Author_Id] FOREIGN KEY([Author_Id])
REFERENCES [dbo].[AspNetUsers] ([Id])
ON DELETE CASCADE
GO
ALTER TABLE [dbo].[Comments] CHECK CONSTRAINT [FK_dbo.Comments_dbo.AspNetUsers_Author_Id]
GO
ALTER TABLE [dbo].[Comments]  WITH CHECK ADD  CONSTRAINT [FK_dbo.Comments_dbo.JobApps_JobApp_Id] FOREIGN KEY([JobApp_Id])
REFERENCES [dbo].[JobApps] ([Id])
GO
ALTER TABLE [dbo].[Comments] CHECK CONSTRAINT [FK_dbo.Comments_dbo.JobApps_JobApp_Id]
GO
ALTER TABLE [dbo].[Educations]  WITH CHECK ADD  CONSTRAINT [FK_dbo.Educations_dbo.Addresses_Location_Id] FOREIGN KEY([Location_Id])
REFERENCES [dbo].[Addresses] ([Id])
GO
ALTER TABLE [dbo].[Educations] CHECK CONSTRAINT [FK_dbo.Educations_dbo.Addresses_Location_Id]
GO
ALTER TABLE [dbo].[Educations]  WITH CHECK ADD  CONSTRAINT [FK_dbo.Educations_dbo.JobApps_JobApp_Id] FOREIGN KEY([JobApp_Id])
REFERENCES [dbo].[JobApps] ([Id])
GO
ALTER TABLE [dbo].[Educations] CHECK CONSTRAINT [FK_dbo.Educations_dbo.JobApps_JobApp_Id]
GO
ALTER TABLE [dbo].[Employments]  WITH CHECK ADD  CONSTRAINT [FK_dbo.Employments_dbo.Addresses_Address_Id] FOREIGN KEY([Address_Id])
REFERENCES [dbo].[Addresses] ([Id])
GO
ALTER TABLE [dbo].[Employments] CHECK CONSTRAINT [FK_dbo.Employments_dbo.Addresses_Address_Id]
GO
ALTER TABLE [dbo].[Employments]  WITH CHECK ADD  CONSTRAINT [FK_dbo.Employments_dbo.JobApps_JobApp_Id] FOREIGN KEY([JobApp_Id])
REFERENCES [dbo].[JobApps] ([Id])
GO
ALTER TABLE [dbo].[Employments] CHECK CONSTRAINT [FK_dbo.Employments_dbo.JobApps_JobApp_Id]
GO
ALTER TABLE [dbo].[JobApps]  WITH CHECK ADD  CONSTRAINT [FK_dbo.JobApps_dbo.AspNetUsers_Applicant_Id] FOREIGN KEY([Applicant_Id])
REFERENCES [dbo].[AspNetUsers] ([Id])
GO
ALTER TABLE [dbo].[JobApps] CHECK CONSTRAINT [FK_dbo.JobApps_dbo.AspNetUsers_Applicant_Id]
GO
ALTER TABLE [dbo].[References]  WITH CHECK ADD  CONSTRAINT [FK_dbo.References_dbo.JobApps_JobApp_Id] FOREIGN KEY([JobApp_Id])
REFERENCES [dbo].[JobApps] ([Id])
GO
ALTER TABLE [dbo].[References] CHECK CONSTRAINT [FK_dbo.References_dbo.JobApps_JobApp_Id]
GO
ALTER TABLE [dbo].[Skills]  WITH CHECK ADD  CONSTRAINT [FK_dbo.Skills_dbo.JobApps_JobApp_Id] FOREIGN KEY([JobApp_Id])
REFERENCES [dbo].[JobApps] ([Id])
GO
ALTER TABLE [dbo].[Skills] CHECK CONSTRAINT [FK_dbo.Skills_dbo.JobApps_JobApp_Id]
GO
ALTER TABLE [dbo].[Skills]  WITH CHECK ADD  CONSTRAINT [FK_dbo.Skills_dbo.Technologies_Technology_Id] FOREIGN KEY([Technology_Id])
REFERENCES [dbo].[Technologies] ([Id])
GO
ALTER TABLE [dbo].[Skills] CHECK CONSTRAINT [FK_dbo.Skills_dbo.Technologies_Technology_Id]
GO
